,dataset,transcript,Unnamed: 0,#kgID,mRNA,spID,spDisplayID,geneSymbol,refseq,protAcc,description,rfamAcc,tRnaName
0,MiSeqSFPQc.csv,uc010pwa.1,3748,uc010pwa.1,NM_004481,Q10471,GALT2_HUMAN,GALNT2,NM_004481,NP_004472,"Homo sapiens UDP-N-acetyl-alpha-D-galactosamine:polypeptide N-acetylgalactosaminyltransferase 2 (GalNAc-T2) (GALNT2), mRNA.",,
1,MiSeqSFPQc.csv,uc002sbj.3,43333,uc002sbj.3,NM_003400,O14980,XPO1_HUMAN,XPO1,NM_003400,NP_003391,"Homo sapiens exportin 1 (CRM1 homolog, yeast) (XPO1), mRNA.",,
2,MiSeqSFPQc.csv,uc010iub.3,57066,uc010iub.3,NR_027028,B4DZD7,B4DZD7_HUMAN,GUSBP1,NR_027028,,"Homo sapiens glucuronidase, beta pseudogene 1 (GUSBP1), transcript variant 3, non-coding RNA.",,
3,MiSeqSFPQc.csv,uc001sut.4,16708,uc001sut.4,NM_007007,Q16630,CPSF6_HUMAN,CPSF6,NM_007007,NP_008938,"Homo sapiens cleavage and polyadenylation specific factor 6, 68kDa (CPSF6), mRNA.",,
4,MiSeqSFPQc.csv,uc010ugm.1,24039,uc010ugm.1,AK302923,B4DZH5,B4DZH5_HUMAN,TCF12,NM_207038,NP_996921,"Homo sapiens transcription factor 12 (TCF12), transcript variant 4, mRNA.",,
5,MiSeqSFPQc.csv,uc011lfa.2,73647,uc011lfa.2,BC144618,,,SLCO5A1,,,"Homo sapiens solute carrier organic anion transporter family, member 5A1 (SLCO5A1), transcript variant 3, mRNA.",,
6,MiSeqSFPQc.csv,uc010odw.2,4541,uc010odw.2,AK297382,Q2L7G6,Q2L7G6_HUMAN,HNRNPR,NM_005826,NP_005817,"Homo sapiens heterogeneous nuclear ribonucleoprotein R (HNRNPR), transcript variant 2, mRNA.",,
7,MiSeqSFPQc.csv,uc002ikd.3,33396,uc002ikd.3,NM_015443,Q7Z3B3,KANL1_HUMAN,KANSL1,NM_015443,NP_056258,"Homo sapiens KAT8 regulatory NSL complex subunit 1 (KANSL1), transcript variant 2, mRNA.",,
8,MiSeqSFPQc.csv,uc002xun.4,45892,uc002xun.4,NR_003606,,,ZFAS1,NR_003606,,"Homo sapiens ZNFX1 antisense RNA 1 (ZFAS1), transcript variant 3, non-coding RNA.",,
9,MiSeqSFPQc.csv,uc002rnl.3,40516,uc002rnl.3,NM_001002257,Q6UWP7,LCLT1_HUMAN,LCLAT1,NM_001002257,NP_001002257,"Homo sapiens lysocardiolipin acyltransferase 1 (LCLAT1), transcript variant 2, mRNA.",,
10,MiSeqSFPQc.csv,uc010qet.2,8119,uc010qet.2,AK303283,B7Z8E4,B7Z8E4_HUMAN,CCNY,,,"Homo sapiens cyclin Y (CCNY), transcript variant 1, mRNA.",,
11,MiSeqSFPQc.csv,uc010ksi.1,70119,uc010ksi.1,AK310481,Q9Y6D9,MD1L1_HUMAN,MAD1L1,NM_003550,NP_003541,"Homo sapiens MAD1 mitotic arrest deficient-like 1 (yeast) (MAD1L1), transcript variant 3, mRNA.",,
12,MiSeqSFPQc.csv,uc003jhp.1,58800,uc003jhp.1,NM_022130,Q9H4A6,GOLP3_HUMAN,GOLPH3,NM_022130,NP_071413,"Homo sapiens golgi phosphoprotein 3 (coat-protein) (GOLPH3), mRNA.",,
13,MiSeqSFPQc.csv,uc002rnj.3,40515,uc002rnj.3,NM_182551,Q6UWP7,LCLT1_HUMAN,LCLAT1,NM_182551,NP_001002257,"Homo sapiens lysocardiolipin acyltransferase 1 (LCLAT1), transcript variant 1, mRNA.",,
14,MiSeqSFPQc.csv,uc031sil.1,56980,uc031sil.1,NM_001267557,O75340,PDCD6_HUMAN,PDCD6,NM_001267557,NP_001254486,"Homo sapiens programmed cell death 6 (PDCD6), transcript variant 3, mRNA.",,
15,MiSeqSFPQc.csv,uc031rct.1,31075,uc031rct.1,JQ790735,A6NM11,L37A2_HUMAN,LRRC37A2,NM_001006607,NP_001006608,"Homo sapiens leucine rich repeat containing 37, member A2 (LRRC37A2), mRNA.",,
16,MiSeqSFPQc.csv,uc021xqo.1,56467,uc021xqo.1,CCDS43258,Q9BXS0,COPA1_HUMAN,COL25A1,NM_198721,NP_942014,"Homo sapiens collagen, type XXV, alpha 1 (COL25A1), transcript variant 1, mRNA.",,
17,MiSeqSFPQc.csv,uc003hze.2,56463,uc003hze.2,NM_198721,Q9BXS0,COPA1_HUMAN,COL25A1,NM_198721,NP_942014,"Homo sapiens collagen, type XXV, alpha 1 (COL25A1), transcript variant 1, mRNA.",,
18,MiSeqSFPQc.csv,uc003ykr.2,73930,uc003ykr.2,NM_015902,O95071,UBR5_HUMAN,UBR5,NM_015902,NP_056986,"Homo sapiens ubiquitin protein ligase E3 component n-recognin 5 (UBR5), mRNA.",,
19,MiSeqSFPQc.csv,uc001ibv.2,7685,uc001ibv.2,NM_015446,Q8WYP5-3,Q8WYP5-3,AHCTF1,NM_015446,NP_056261,"Homo sapiens AT hook containing transcription factor 1 (AHCTF1), mRNA.",,
20,MiSeqSFPQc.csv,uc001hfr.4,3468,uc001hfr.4,NM_001114752,P08174-2,P08174-2,CD55,NM_001114752,NP_001108224,"Homo sapiens CD55 molecule, decay accelerating factor for complement (Cromer blood group) (CD55), transcript variant 2, mRNA.",,
21,MiSeqSFPQc.csv,uc003lvo.4,58319,uc003lvo.4,NM_015315,Q6PKG0-3,Q6PKG0-3,LARP1,NM_015315,NP_056130,"Homo sapiens La ribonucleoprotein domain family, member 1 (LARP1), mRNA.",,
22,MiSeqSFPQc.csv,uc001pxl.2,13069,uc001pxl.2,NM_015313,Q9NZN5,ARHGC_HUMAN,ARHGEF12,NM_015313,NP_056128,"Homo sapiens Rho guanine nucleotide exchange factor (GEF) 12 (ARHGEF12), transcript variant 1, mRNA.",,
23,MiSeqSFPQc.csv,uc011cmu.2,57044,uc011cmu.2,NM_001270660,B4DT33,B4DT33_HUMAN,MARCH6,NM_001270660,NP_001257589,"Homo sapiens membrane-associated ring finger (C3HC4) 6, E3 ubiquitin protein ligase (MARCH6), transcript variant 2, mRNA.",,
24,MiSeqSFPQc.csv,uc003slf.1,70114,uc003slf.1,NM_003550,Q9Y6D9,MD1L1_HUMAN,MAD1L1,NM_003550,NP_003541,"Homo sapiens MAD1 mitotic arrest deficient-like 1 (yeast) (MAD1L1), transcript variant 1, mRNA.",,
25,MiSeqSFPQc.csv,uc001iyw.4,8115,uc001iyw.4,NM_145012,Q8ND76,CCNY_HUMAN,CCNY,NM_145012,NP_859049,"Homo sapiens cyclin Y (CCNY), transcript variant 1, mRNA.",,
26,MiSeqSFPQc.csv,uc010bxg.3,27259,uc010bxg.3,BC110658,A8MRT5,K220L_HUMAN,LOC100132247,NM_001135865,NP_001129337,"Homo sapiens nuclear pore complex interacting protein related gene (LOC100132247), mRNA.",,
27,MiSeqSFPQc.csv,uc001hgc.3,3488,uc001hgc.3,NM_002389,P15529,MCP_HUMAN,CD46,NM_002389,NP_002380,"Homo sapiens CD46 molecule, complement regulatory protein (CD46), transcript variant a, mRNA.",,
28,MiSeqSFPQc.csv,uc001onw.3,12375,uc001onw.3,NM_001164161,Q5H9R7,PP6R3_HUMAN,PPP6R3,NM_001164161,NP_001157633,"Homo sapiens protein phosphatase 6, regulatory subunit 3 (PPP6R3), transcript variant 6, mRNA.",,
29,MiSeqSFPQc.csv,uc003slh.1,70113,uc003slh.1,NM_001013836,Q9Y6D9,MD1L1_HUMAN,MAD1L1,NM_001013836,NP_003541,"Homo sapiens MAD1 mitotic arrest deficient-like 1 (yeast) (MAD1L1), transcript variant 2, mRNA.",,
30,MiSeqSFPQc.csv,uc021zic.1,64146,uc021zic.1,BX647106,H0UI31,H0UI31_HUMAN,LINC00473,,,"Homo sapiens long intergenic non-protein coding RNA 473 (LINC00473), transcript variant 2, non-coding RNA.",,
31,MiSeqSFPQc.csv,uc021pmm.1,7807,uc021pmm.1,AB621821,,,C10orf18,,,"Homo sapiens C10orf18 mRNA, partial sequence, clone: HP08456-RBd50F06.",,
32,MiSeqSFPQc.csv,uc021ymj.2,60415,uc021ymj.2,NM_001243076,Q68DT0,Q68DT0_HUMAN,E2F3,NM_001243076,NP_001230005,"Homo sapiens E2F transcription factor 3 (E2F3), transcript variant 2, mRNA.",,
33,MiSeqSFPQc.csv,uc001onu.3,12379,uc001onu.3,NM_018312,Q5H9R7-4,Q5H9R7-4,PPP6R3,NM_018312,NP_060782,"Homo sapiens protein phosphatase 6, regulatory subunit 3 (PPP6R3), transcript variant 5, mRNA.",,
34,MiSeqSFPQc.csv,uc001pyw.2,13099,uc001pyw.2,AK127457,E7EPH8,E7EPH8_HUMAN,GRAMD1B,NM_020716,NP_065767,"Homo sapiens GRAM domain containing 1B (GRAMD1B), mRNA.",,
35,MiSeqSFPQc.csv,uc011lqh.2,74692,uc011lqh.2,AK303193,B4E024,B4E024_HUMAN,ZCCHC7,NM_032226,NP_115602,"Homo sapiens zinc finger, CCHC domain containing 7 (ZCCHC7), mRNA.",,
36,MiSeqSFPQc.csv,uc002hnp.1,32897,uc002hnp.1,AY315622,,,ACACA,,,"Homo sapiens acetyl-CoA carboxylase alpha (ACACA), transcript variant 3, mRNA.",,
37,MiSeqSFPQc.csv,uc003xrf.4,73532,uc003xrf.4,NM_001083617,Q8TDY2-2,Q8TDY2-2,RB1CC1,NM_001083617,NP_001077086,"Homo sapiens RB1-inducible coiled-coil 1 (RB1CC1), transcript variant 2, mRNA.",,
38,MiSeqSFPQc.csv,uc003hzg.4,56464,uc003hzg.4,NM_032518,Q9BXS0-2,Q9BXS0-2,COL25A1,NM_032518,NP_115907,"Homo sapiens collagen, type XXV, alpha 1 (COL25A1), transcript variant 2, mRNA.",,
39,MiSeqSFPQc.csv,uc003vcw.1,71315,uc003vcw.1,AY354201,P78362,SRPK2_HUMAN,SRPK2,NM_182691,NP_872633,"Homo sapiens SRSF protein kinase 2 (SRPK2), transcript variant 3, mRNA.",,
40,MiSeqSFPQc.csv,uc003pjp.2,63431,uc003pjp.2,NM_198920,Q7Z6J8,UBE3D_HUMAN,UBE3D,NM_198920,NP_944602,"Homo sapiens ubiquitin protein ligase E3D (UBE3D), mRNA.",,
41,MiSeqSFPQc.csv,uc010pvz.1,3750,uc010pvz.1,AK304029,,,GALNT2,,,"Homo sapiens UDP-N-acetyl-alpha-D-galactosamine:polypeptide N-acetylgalactosaminyltransferase 2 (GalNAc-T2) (GALNT2), mRNA.",,
42,MiSeqSFPQc.csv,uc010xcj.1,35193,uc010xcj.1,NR_024391,,,LINC00669,NR_024391,,"Homo sapiens long intergenic non-protein coding RNA 669 (LINC00669), non-coding RNA.",,
43,MiSeqSFPQc.csv,uc031sij.1,56976,uc031sij.1,NM_001267558,O75340,PDCD6_HUMAN,PDCD6,NM_001267558,NP_001254487,"Homo sapiens programmed cell death 6 (PDCD6), transcript variant 4, mRNA.",,
44,MiSeqSFPQc.csv,uc011bpz.2,53838,uc011bpz.2,AK296946,,,TBL1XR1,,,"Homo sapiens transducin (beta)-like 1 X-linked receptor 1 (TBL1XR1), mRNA.",,
45,MiSeqSFPQc.csv,uc003jdx.1,57022,uc003jdx.1,NM_006999,Q5XG87,PAPD7_HUMAN,PAPD7,NM_006999,NP_001165277,"Homo sapiens PAP associated domain containing 7 (PAPD7), transcript variant 1, mRNA.",,
46,MiSeqSFPQc.csv,uc003jau.2,56977,uc003jau.2,NM_001267556,Q2YDC2,Q2YDC2_HUMAN,PDCD6,NM_001267556,NP_001254485,"Homo sapiens programmed cell death 6 (PDCD6), transcript variant 2, mRNA.",,
47,MiSeqSFPQc.csv,uc002aed.3,24036,uc002aed.3,NM_003205,Q99081,HTF4_HUMAN,TCF12,NM_003205,NP_996921,"Homo sapiens transcription factor 12 (TCF12), transcript variant 3, mRNA.",,
48,MiSeqSFPQc.csv,uc003wyz.3,73234,uc003wyz.3,BC045112,Q9NYI0-3,Q9NYI0-3,PSD3,,,"Homo sapiens pleckstrin and Sec7 domain containing 3 (PSD3), transcript variant 2, mRNA.",,
49,MiSeqSFPQc.csv,uc001hgg.3,3494,uc001hgg.3,NM_172350,P15529-9,P15529-9,CD46,NM_172350,NP_758860,"Homo sapiens CD46 molecule, complement regulatory protein (CD46), transcript variant n, mRNA.",,
50,MiSeqSFPQc.csv,uc003ysj.3,72899,uc003ysj.3,M34429,,,MYC,,,Sequence 854 from Patent WO2010139812.,,
51,MiSeqSFPQc.csv,uc009yrj.3,12297,uc009yrj.3,AK292805,Q9BWF3,RBM4_HUMAN,RBM14-RBM4,NM_002896,NP_002887,"Homo sapiens RBM14-RBM4 readthrough (RBM14-RBM4), transcript variant 1, mRNA.",,
52,MiSeqSFPQc.csv,uc001doa.4,5550,uc001doa.4,NM_001017975,A2PYH4,HFM1_HUMAN,HFM1,NM_001017975,NP_001017975,"Homo sapiens HFM1, ATP-dependent DNA helicase homolog (S. cerevisiae) (HFM1), mRNA.",,
53,MiSeqSFPQc.csv,uc010ndq.3,77678,uc010ndq.3,NM_001139466,O60907,TBL1X_HUMAN,TBL1X,NM_001139466,NP_001132940,"Homo sapiens transducin (beta)-like 1X-linked (TBL1X), transcript variant 2, mRNA.",,
54,MiSeqSFPQc.csv,uc004eud.3,78768,uc004eud.3,NM_001042751,Q8N3U4,STAG2_HUMAN,STAG2,NM_001042751,NP_006594,"Homo sapiens stromal antigen 2 (STAG2), transcript variant 3, mRNA.",,
55,MiSeqSFPQc.csv,uc011loe.1,76150,uc011loe.1,AK299183,F5H2U4,F5H2U4_HUMAN,UBAP2,,,"Homo sapiens ubiquitin associated protein 2 (UBAP2), mRNA.",,
56,MiSeqSFPQc.csv,uc002fck.3,29580,uc002fck.3,NM_006885,Q15911,ZFHX3_HUMAN,ZFHX3,NM_006885,NP_008816,"Homo sapiens zinc finger homeobox 3 (ZFHX3), transcript variant A, mRNA.",,
57,MiSeqSFPQc.csv,uc004csq.4,77679,uc004csq.4,NM_001139468,O60907,TBL1X_HUMAN,TBL1X,NM_001139468,NP_001132940,"Homo sapiens transducin (beta)-like 1X-linked (TBL1X), transcript variant 4, mRNA.",,
58,MiSeqSFPQc.csv,uc003esb.2,51454,uc003esb.2,AK001721,Q8IUR7,ARMC8_HUMAN,ARMC8,NM_015396,NP_056211,"Homo sapiens armadillo repeat containing 8 (ARMC8), transcript variant 2, mRNA.",,
59,MiSeqSFPQc.csv,uc022bqs.1,77546,uc022bqs.1,JA760602,,,JA760602,,,"Homo sapiens piRNA piR-34804, complete sequence.",,
60,MiSeqSFPQc.csv,uc011mfc.2,75825,uc011mfc.2,NM_024757,Q9H9B1,EHMT1_HUMAN,EHMT1,NM_024757,NP_079033,"Homo sapiens euchromatic histone-lysine N-methyltransferase 1 (EHMT1), transcript variant 1, mRNA.",,
61,MiSeqSFPQc.csv,uc003jas.3,56981,uc003jas.3,NR_073609,Q86W51,Q86W51_HUMAN,PDCD6,NM_001267559,NP_001254488,"Homo sapiens programmed cell death 6 (PDCD6), transcript variant 6, non-coding RNA.",,
62,MiSeqSFPQc.csv,uc003xyk.3,73645,uc003xyk.3,NM_001146008,G3V1C0,G3V1C0_HUMAN,SLCO5A1,NM_001146008,NP_001139480,"Homo sapiens solute carrier organic anion transporter family, member 5A1 (SLCO5A1), transcript variant 2, mRNA.",,
63,MiSeqSFPQc.csv,uc002rum.3,40626,uc002rum.3,NM_024766,Q7Z624,CMKMT_HUMAN,CAMKMT,NM_024766,NP_079042,"Homo sapiens calmodulin-lysine N-methyltransferase (CAMKMT), mRNA.",,
64,MiSeqSFPQc.csv,uc031tds.1,74695,uc031tds.1,BC036940,Q8N3Z6,ZCHC7_HUMAN,ZCCHC7,NM_032226,NP_115602,"Homo sapiens zinc finger, CCHC domain containing 7 (ZCCHC7), mRNA.",,
65,MiSeqSFPQc.csv,uc002dmm.3,27291,uc002dmm.3,NM_014494,Q8NDV7,TNR6A_HUMAN,TNRC6A,NM_014494,NP_055309,"Homo sapiens trinucleotide repeat containing 6A (TNRC6A), mRNA.",,
66,MiSeqSFPQc.csv,uc010stk.2,16710,uc010stk.2,AK299928,B4DSU9,B4DSU9_HUMAN,CPSF6,NM_007007,NP_008938,"Homo sapiens cleavage and polyadenylation specific factor 6, 68kDa (CPSF6), mRNA.",,
67,MiSeqSFPQc.csv,uc010yqw.1,40850,uc010yqw.1,AK303723,Q14966,ZN638_HUMAN,ZNF638,NM_001252613,NP_001239542,"Homo sapiens zinc finger protein 638 (ZNF638), transcript variant 4, mRNA.",,
68,MiSeqSFPQc.csv,uc010fcl.3,43334,uc010fcl.3,AK289920,O14980,XPO1_HUMAN,XPO1,NM_003400,NP_003391,"Homo sapiens exportin 1 (CRM1 homolog, yeast) (XPO1), mRNA.",,
69,MiSeqSFPQc.csv,uc003ysb.3,74088,uc003ysb.3,BC106081,,,BC106081,,,"Homo sapiens cDNA clone IMAGE:5109562, **** WARNING: chimeric clone ****.",,
70,MiSeqSFPQc.csv,uc011lkk.2,74246,uc011lkk.2,NM_001130055,P29692,EF1D_HUMAN,EEF1D,NM_001130055,NP_001951,"Homo sapiens eukaryotic translation elongation factor 1 delta (guanine nucleotide exchange protein) (EEF1D), transcript variant 5, mRNA.",,
71,MiSeqSFPQc.csv,uc010ypn.2,43335,uc010ypn.2,BC032847,O14980,XPO1_HUMAN,XPO1,NM_003400,NP_003391,"Homo sapiens exportin 1 (CRM1 homolog, yeast) (XPO1), mRNA.",,
72,MiSeqSFPQc.csv,uc003ezo.3,51582,uc003ezo.3,NM_207294,Q9NR56-3,Q9NR56-3,MBNL1,NM_207294,NP_997177,"Homo sapiens muscleblind-like splicing regulator 1 (MBNL1), transcript variant 4, mRNA.",,
73,MiSeqSFPQc.csv,uc011aaq.2,47059,uc011aaq.2,AK300073,Q9BYJ9,YTHD1_HUMAN,YTHDF1,NM_017798,NP_060268,"Homo sapiens YTH domain family, member 1 (YTHDF1), mRNA.",,
74,MiSeqSFPQc.csv,uc011lki.2,74251,uc011lki.2,NM_001130057,P29692,EF1D_HUMAN,EEF1D,NM_001130057,NP_001951,"Homo sapiens eukaryotic translation elongation factor 1 delta (guanine nucleotide exchange protein) (EEF1D), transcript variant 6, mRNA.",,
75,MiSeqSFPQc.csv,uc003csb.2,52537,uc003csb.2,NM_002375,P27816,MAP4_HUMAN,MAP4,NM_002375,NP_002366,"Homo sapiens microtubule-associated protein 4 (MAP4), transcript variant 1, mRNA.",,
76,MiSeqSFPQc.csv,uc003pdl.4,61414,uc003pdl.4,BC098382,E9PH99,E9PH99_HUMAN,ZNF451,NM_001031623,NP_001026794,"Homo sapiens zinc finger protein 451 (ZNF451), transcript variant 1, mRNA.",,
77,MiSeqSFPQc.csv,uc003ysl.3,72896,uc003ysl.3,NR_003367,,,PVT1,NR_003367,,"Homo sapiens Pvt1 oncogene (non-protein coding) (PVT1), non-coding RNA.",,
78,MiSeqSFPQc.csv,uc010xrv.2,36483,uc010xrv.2,NM_001184722,P06744-2,P06744-2,GPI,NM_001184722,NP_001171651,"Homo sapiens glucose-6-phosphate isomerase (GPI), transcript variant 1, mRNA.",,
79,MiSeqSFPQc.csv,uc003pdn.2,61412,uc003pdn.2,NM_015555,Q9Y4E5-2,Q9Y4E5-2,ZNF451,NM_015555,NP_056370,"Homo sapiens zinc finger protein 451 (ZNF451), transcript variant 2, mRNA.",,
80,MiSeqSFPQc.csv,uc003jhh.2,58795,uc003jhh.2,NM_001100412,E7EMP9,E7EMP9_HUMAN,DROSHA,NM_001100412,NP_001093882,"Homo sapiens drosha, ribonuclease type III (DROSHA), transcript variant 2, mRNA.",,
81,MiSeqSFPQc.csv,uc010rqd.2,12381,uc010rqd.2,AK302611,H0YEN2,H0YEN2_HUMAN,PPP6R3,NM_001164163,NP_001157635,"Homo sapiens protein phosphatase 6, regulatory subunit 3 (PPP6R3), transcript variant 2, mRNA.",,
82,MiSeqSFPQc.csv,uc031tdo.1,76157,uc031tdo.1,AB209911,Q59EA0,Q59EA0_HUMAN,UBAP2,,,"Homo sapiens ubiquitin associated protein 2 (UBAP2), mRNA.",,
83,MiSeqSFPQc.csv,uc011clz.1,56992,uc011clz.1,AK299072,,,CEP72,,,"Homo sapiens centrosomal protein 72kDa (CEP72), mRNA.",,
84,MiSeqSFPQc.csv,uc010ndr.3,77681,uc010ndr.3,NM_001139467,O60907,TBL1X_HUMAN,TBL1X,NM_001139467,NP_001132940,"Homo sapiens transducin (beta)-like 1X-linked (TBL1X), transcript variant 3, mRNA.",,
85,MiSeqSFPQc.csv,uc011cnn.1,57070,uc011cnn.1,AK302866,,,GUSBP1,,,"Homo sapiens glucuronidase, beta pseudogene 1 (GUSBP1), transcript variant 3, non-coding RNA.",,
86,MiSeqSFPQc.csv,uc002isq.3,31261,uc002isq.3,AK225980,J3KPP4,J3KPP4_HUMAN,LUC7L3,NM_016424,NP_057508,"Homo sapiens LUC7-like 3 (S. cerevisiae) (LUC7L3), transcript variant 1, mRNA.",,
87,MiSeqSFPQc.csv,uc001kmp.3,10497,uc001kmp.3,AX747788,Q6ZUJ8,BCAP_HUMAN,PIK3AP1,NM_152309,NP_689522,"Homo sapiens phosphoinositide-3-kinase adaptor protein 1 (PIK3AP1), mRNA.",,
88,MiSeqSFPQc.csv,uc003qup.1,64143,uc003qup.1,AK090688,,,AK090688,,,"Homo sapiens cDNA FLJ33369 fis, clone BRACE2005904.",,
89,MiSeqSFPQc.csv,uc002ikn.1,31071,uc002ikn.1,NM_001006607,A6NM11,L37A2_HUMAN,LRRC37A2,NM_001006607,NP_001006608,"Homo sapiens leucine rich repeat containing 37, member A2 (LRRC37A2), mRNA.",,
90,MiSeqSFPQc.csv,uc011bbc.1,52536,uc011bbc.1,AK302412,,,SMARCC1,,,"Homo sapiens SWI/SNF related, matrix associated, actin dependent regulator of chromatin, subfamily c, member 1 (SMARCC1), mRNA.",,
91,MiSeqSFPQc.csv,uc003wza.3,73232,uc003wza.3,NM_015310,Q9NYI0-2,Q9NYI0-2,PSD3,NM_015310,NP_056125,"Homo sapiens pleckstrin and Sec7 domain containing 3 (PSD3), transcript variant 1, mRNA.",,
92,MiSeqSFPQc.csv,uc003ezp.3,51580,uc003ezp.3,NM_207296,E9PBW7,E9PBW7_HUMAN,MBNL1,NM_207296,NP_997179,"Homo sapiens muscleblind-like splicing regulator 1 (MBNL1), transcript variant 6, mRNA.",,
93,MiSeqSFPQc.csv,uc003ihi.2,55237,uc003ihi.2,NR_038380,,,SLC7A11-AS1,NR_038380,,"Homo sapiens SLC7A11 antisense RNA 1 (SLC7A11-AS1), non-coding RNA.",,
94,MiSeqSFPQc.csv,uc003kol.3,59343,uc003kol.3,NM_001962,P52803,EFNA5_HUMAN,EFNA5,NM_001962,NP_001953,"Homo sapiens ephrin-A5 (EFNA5), mRNA.",,
95,MiSeqSFPQc.csv,uc001hvy.1,3822,uc001hvy.1,NM_173508,Q8IY50-2,Q8IY50-2,SLC35F3,NM_173508,NP_775779,"Homo sapiens solute carrier family 35, member F3 (SLC35F3), mRNA.",,
96,MiSeqSFPQc.csv,uc010mlt.3,74694,uc010mlt.3,AK315128,Q8N3Z6,ZCHC7_HUMAN,ZCCHC7,NM_032226,NP_115602,"Homo sapiens zinc finger, CCHC domain containing 7 (ZCCHC7), mRNA.",,
97,MiSeqSFPQc.csv,uc001hgm.3,3491,uc001hgm.3,NM_153826,P15529-3,P15529-3,CD46,NM_153826,NP_722548,"Homo sapiens CD46 molecule, complement regulatory protein (CD46), transcript variant d, mRNA.",,
98,MiSeqSFPQc.csv,uc010rog.2,12200,uc010rog.2,NR_030343,,,NEAT1,NR_030343,,"Homo sapiens nuclear paraspeckle assembly transcript 1 (non-protein coding) (NEAT1), non-coding RNA.",,
99,MiSeqSFPQc.csv,uc010mdp.2,72898,uc010mdp.2,M34428,,,PVT1,,,"Homo sapiens Pvt1 oncogene (non-protein coding) (PVT1), non-coding RNA.",,
100,MiSeqSFPQc.csv,uc001odz.3,12202,uc001odz.3,BC010924,,,BC010924,,,"Homo sapiens cDNA clone IMAGE:4291796, **** WARNING: chimeric clone ****.",,
101,MiSeqSFPQc.csv,uc001hgi.3,3489,uc001hgi.3,NM_172351,P15529-11,P15529-11,CD46,NM_172351,NP_758861,"Homo sapiens CD46 molecule, complement regulatory protein (CD46), transcript variant c, mRNA.",,
102,MiSeqSFPQc.csv,uc003nda.2,60414,uc003nda.2,NM_001949,O00716,E2F3_HUMAN,E2F3,NM_001949,NP_001940,"Homo sapiens E2F transcription factor 3 (E2F3), transcript variant 1, mRNA.",,
103,MiSeqSFPQc.csv,uc001mty.3,11551,uc001mty.3,NM_001076786,Q2KHR3,QSER1_HUMAN,QSER1,NM_001076786,NP_001070254,"Homo sapiens glutamine and serine rich 1 (QSER1), mRNA.",,
104,MiSeqSFPQc.csv,uc002aeb.3,24034,uc002aeb.3,NM_207037,Q99081-3,Q99081-3,TCF12,NM_207037,NP_996920,"Homo sapiens transcription factor 12 (TCF12), transcript variant 2, mRNA.",,
105,MiSeqSFPQc.csv,uc009vqk.3,4539,uc009vqk.3,NM_001102399,Q6MZS5,Q6MZS5_HUMAN,HNRNPR,NM_001102399,NP_001095869,"Homo sapiens heterogeneous nuclear ribonucleoprotein R (HNRNPR), transcript variant 3, mRNA.",,
106,MiSeqSFPQc.csv,uc002hnm.3,32889,uc002hnm.3,NM_198836,Q13085,ACACA_HUMAN,ACACA,NM_198836,NP_942135,"Homo sapiens acetyl-CoA carboxylase alpha (ACACA), transcript variant 3, mRNA.",,
107,MiSeqSFPQc.csv,uc002nvf.3,36485,uc002nvf.3,AK129884,P06744,G6PI_HUMAN,GPI,NM_000175,NP_000166,"Homo sapiens glucose-6-phosphate isomerase (GPI), transcript variant 1, mRNA.",,
108,MiSeqSFPQc.csv,uc003zxh.2,76231,uc003zxh.2,NR_003051,,,RMRP,NR_003051,,"Homo sapiens RNA component of mitochondrial RNA processing endoribonuclease (RMRP), RNase MRP RNA.",,
109,MiSeqSFPQc.csv,uc001aje.2,131,uc001aje.2,NM_007033,O15258,RER1_HUMAN,RER1,NM_007033,NP_008964,"Homo sapiens RER1 retention in endoplasmic reticulum 1 homolog (S. cerevisiae) (RER1), mRNA.",,
110,MiSeqSFPQc.csv,uc003jbf.3,56991,uc003jbf.3,NM_018140,Q9P209,CEP72_HUMAN,CEP72,NM_018140,NP_060610,"Homo sapiens centrosomal protein 72kDa (CEP72), mRNA.",,
111,MiSeqSFPQc.csv,uc002iss.3,31260,uc002iss.3,NM_016424,O95232,LC7L3_HUMAN,LUC7L3,NM_016424,NP_057508,"Homo sapiens LUC7-like 3 (S. cerevisiae) (LUC7L3), transcript variant 1, mRNA.",,
112,MiSeqSFPQc.csv,uc011bmf.2,51449,uc011bmf.2,NM_001267041,F5GWK4,F5GWK4_HUMAN,ARMC8,NM_001267041,NP_001253970,"Homo sapiens armadillo repeat containing 8 (ARMC8), transcript variant 4, mRNA.",,
113,MiSeqSFPQc.csv,uc004cov.5,77537,uc004cov.5,BC061915,,,STRF6,,,"Homo sapiens potential LAG1 interactor mRNA, partial cds.",,
114,MiSeqSFPQc.csv,uc021vew.1,82202,uc021vew.1,,,,TRNA,,,Rfam model RF00005 hit found at contig region AC013472.8/138963-139051,RF00005,
115,MiSeqSFPQc.csv,uc010wmw.2,31262,uc010wmw.2,AK295983,B4DJ96,B4DJ96_HUMAN,LUC7L3,,,"Homo sapiens LUC7-like 3 (S. cerevisiae) (LUC7L3), transcript variant 1, mRNA.",,
116,MiSeqSFPQc.csv,uc004cer.3,77358,uc004cer.3,NM_003371,P52735-3,P52735-3,VAV2,NM_003371,NP_003362,"Homo sapiens vav 2 guanine nucleotide exchange factor (VAV2), transcript variant 2, mRNA.",,
117,MiSeqSFPQc.csv,uc002sia.3,40848,uc002sia.3,NM_001252612,Q14966,ZN638_HUMAN,ZNF638,NM_001252612,NP_055312,"Homo sapiens zinc finger protein 638 (ZNF638), transcript variant 3, mRNA.",,
118,MiSeqSFPQc.csv,uc011log.1,76151,uc011log.1,AK302335,E7EWG4,E7EWG4_HUMAN,UBAP2,,,"Homo sapiens ubiquitin associated protein 2 (UBAP2), mRNA.",,
119,MiSeqSFPQc.csv,uc003csf.3,52541,uc003csf.3,AK307606,P27816,MAP4_HUMAN,MAP4,NM_001134364,NP_001127836,"Homo sapiens microtubule-associated protein 4 (MAP4), transcript variant 4, mRNA.",,
120,MiSeqSFPQc.csv,uc002fng.1,29777,uc002fng.1,BC088729,H3BNU4,H3BNU4_HUMAN,ANKRD11,,,"Homo sapiens ankyrin repeat domain 11 (ANKRD11), transcript variant 4, non-coding RNA.",,
121,MiSeqSFPQc.csv,uc031rcw.1,31078,uc031rcw.1,JQ790584,A6NM11,L37A2_HUMAN,LRRC37A2,,,"Homo sapiens leucine rich repeat containing 37, member A2 (LRRC37A2), mRNA.",,
122,MiSeqSFPQc.csv,uc002xuj.3,45889,uc002xuj.3,NR_003605,,,ZFAS1,NR_003605,,"Homo sapiens ZNFX1 antisense RNA 1 (ZFAS1), transcript variant 2, non-coding RNA.",,
123,MiSeqSFPQc.csv,uc022bah.1,81611,uc022bah.1,,,,TRNA_Met,,,transfer RNA Met (anticodon CAT),,chr8.tRNA10-MetCAT
124,MiSeqSFPQc.csv,uc002fne.4,29774,uc002fne.4,NR_045839,,,ANKRD11,NR_045839,,"Homo sapiens ankyrin repeat domain 11 (ANKRD11), transcript variant 4, non-coding RNA.",,
125,MiSeqSFPQc.csv,uc031rco.1,31086,uc031rco.1,JQ790661,A6NM11,L37A2_HUMAN,LRRC37A2,,,"Homo sapiens leucine rich repeat containing 37, member A2 (LRRC37A2), mRNA.",,
126,MiSeqSFPQc.csv,uc002fnc.2,29773,uc002fnc.2,NM_001256183,Q6UB99,ANR11_HUMAN,ANKRD11,NM_001256183,NP_037407,"Homo sapiens ankyrin repeat domain 11 (ANKRD11), transcript variant 3, mRNA.",,
127,MiSeqSFPQc.csv,uc004cob.1,75827,uc004cob.1,AK022941,Q9H9B1-2,Q9H9B1-2,EHMT1,NM_001145527,NP_001138999,"Homo sapiens euchromatic histone-lysine N-methyltransferase 1 (EHMT1), transcript variant 1, mRNA.",,
128,MiSeqSFPQc.csv,uc011kug.2,71736,uc011kug.2,NM_001203249,Q15910-5,Q15910-5,EZH2,NM_001203249,NP_001190178,"Homo sapiens enhancer of zeste homolog 2 (Drosophila) (EZH2), transcript variant 5, mRNA.",,
129,MiSeqSFPQc.csv,uc031rcm.1,31083,uc031rcm.1,JQ790680,A6NM11,L37A2_HUMAN,LRRC37A2,,,"Homo sapiens leucine rich repeat containing 37, member A2 (LRRC37A2), mRNA.",,
130,MiSeqSFPQc.csv,uc021ygh.2,58320,uc021ygh.2,AB018274,Q6PKG0,LARP1_HUMAN,LARP1,NM_015315,NP_056130,"Homo sapiens La ribonucleoprotein domain family, member 1 (LARP1), mRNA.",,
131,MiSeqSFPQc.csv,uc001ebk.3,2002,uc001ebk.3,NM_001010935,P62834,RAP1A_HUMAN,RAP1A,NM_001010935,NP_002875,"Homo sapiens RAP1A, member of RAS oncogene family (RAP1A), transcript variant 1, mRNA.",,
132,MiSeqSFPQc.csv,uc001zeu.3,23633,uc001zeu.3,BC071990,,,ARHGAP11B,NM_001039841,,"Homo sapiens Rho GTPase activating protein 11B (ARHGAP11B), mRNA.",,
133,MiSeqSFPQc.csv,uc003fiy.2,53839,uc003fiy.2,BC060320,C9IYU9,C9IYU9_HUMAN,TBL1XR1,,,"Homo sapiens transducin (beta)-like 1 X-linked receptor 1 (TBL1XR1), mRNA.",,
134,MiSeqSFPQc.csv,uc003yyt.3,74247,uc003yyt.3,NM_001130053,D3DWK1,D3DWK1_HUMAN,EEF1D,NM_001130053,NP_115754,"Homo sapiens eukaryotic translation elongation factor 1 delta (guanine nucleotide exchange protein) (EEF1D), transcript variant 3, mRNA.",,
135,MiSeqSFPQc.csv,uc003wwu.3,72022,uc003wwu.3,NM_178234,Q13454-2,Q13454-2,TUSC3,NM_178234,NP_839952,"Homo sapiens tumor suppressor candidate 3 (TUSC3), transcript variant 2, mRNA.",,
136,MiSeqSFPQc.csv,uc011loc.1,76147,uc011loc.1,AK302754,Q5T6F2,UBAP2_HUMAN,UBAP2,,,"Homo sapiens ubiquitin associated protein 2 (UBAP2), mRNA.",,
137,MiSeqSFPQc.csv,uc002shx.3,40845,uc002shx.3,NM_014497,Q14966,ZN638_HUMAN,ZNF638,NM_014497,NP_055312,"Homo sapiens zinc finger protein 638 (ZNF638), transcript variant 1, mRNA.",,
138,MiSeqSFPQc.csv,uc003ztr.2,76152,uc003ztr.2,BC111409,E7EWG4,E7EWG4_HUMAN,UBAP2,,,"Homo sapiens ubiquitin associated protein 2 (UBAP2), mRNA.",,
139,MiSeqSFPQc.csv,uc003yyr.3,74248,uc003yyr.3,NM_032378,D3DWK1,D3DWK1_HUMAN,EEF1D,NM_032378,NP_115754,"Homo sapiens eukaryotic translation elongation factor 1 delta (guanine nucleotide exchange protein) (EEF1D), transcript variant 1, mRNA.",,
140,MiSeqSFPQc.csv,uc011kui.2,71739,uc011kui.2,AK303585,B7Z8K5,B7Z8K5_HUMAN,EZH2,,,"Homo sapiens enhancer of zeste homolog 2 (Drosophila) (EZH2), transcript variant 3, mRNA.",,
141,MiSeqSFPQc.csv,uc003ufs.2,68928,uc003ufs.2,NR_029411,,,LOC100133091,NR_029411,,"Homo sapiens uncharacterized LOC100133091 (LOC100133091), non-coding RNA.",,
142,MiSeqSFPQc.csv,uc031rcs.1,31074,uc031rcs.1,JQ790598,A6NM11,L37A2_HUMAN,LRRC37A2,NM_001006607,NP_001006608,"Homo sapiens leucine rich repeat containing 37, member A2 (LRRC37A2), mRNA.",,
143,MiSeqSFPQc.csv,uc021qmb.1,12292,uc021qmb.1,NM_001198846,D6RGD8,D6RGD8_HUMAN,RBM14-RBM4,NM_001198846,NP_001185775,"Homo sapiens RBM14-RBM4 readthrough (RBM14-RBM4), transcript variant 2, mRNA.",,
144,MiSeqSFPQc.csv,uc003wfc.2,71734,uc003wfc.2,NM_152998,Q15910-3,Q15910-3,EZH2,NM_152998,NP_694543,"Homo sapiens enhancer of zeste homolog 2 (Drosophila) (EZH2), transcript variant 2, mRNA.",,
145,MiSeqSFPQc.csv,uc021pwo.1,81769,uc021pwo.1,,,,5S_rRNA,,,Rfam model RF00001 hit found at contig region AL138765.18/130673-130780,RF00001,
146,MiSeqSFPQc.csv,uc002kkf.1,34349,uc002kkf.1,NM_005151,P54578,UBP14_HUMAN,USP14,NM_005151,NP_005142,"Homo sapiens ubiquitin specific peptidase 14 (tRNA-guanine transglycosylase) (USP14), transcript variant 1, mRNA.",,
147,MiSeqSFPQc.csv,uc031rcq.1,31072,uc031rcq.1,JQ790563,A6NM11,L37A2_HUMAN,LRRC37A2,NM_001006607,NP_001006608,"Homo sapiens leucine rich repeat containing 37, member A2 (LRRC37A2), mRNA.",,
148,MiSeqSFPQc.csv,uc002fmx.2,29772,uc002fmx.2,NM_013275,Q6UB99,ANR11_HUMAN,ANKRD11,NM_013275,NP_037407,"Homo sapiens ankyrin repeat domain 11 (ANKRD11), transcript variant 2, mRNA.",,
149,MiSeqSFPQc.csv,uc010jie.1,58322,uc010jie.1,AK307554,Q6PKG0,LARP1_HUMAN,LARP1,NM_015315,NP_056130,"Homo sapiens La ribonucleoprotein domain family, member 1 (LARP1), mRNA.",,
150,MiSeqSFPQc.csv,uc003ezm.3,51577,uc003ezm.3,NM_207293,Q9NR56,MBNL1_HUMAN,MBNL1,NM_207293,NP_997176,"Homo sapiens muscleblind-like splicing regulator 1 (MBNL1), transcript variant 3, mRNA.",,
151,MiSeqSFPQc.csv,uc004euc.3,78766,uc004euc.3,NM_001042750,Q8N3U4-2,Q8N3U4-2,STAG2,NM_001042750,NP_001036215,"Homo sapiens stromal antigen 2 (STAG2), transcript variant 2, mRNA.",,
152,MiSeqSFPQc.csv,uc002shz.3,40846,uc002shz.3,NM_001252613,Q14966-3,Q14966-3,ZNF638,NM_001252613,NP_001239542,"Homo sapiens zinc finger protein 638 (ZNF638), transcript variant 4, mRNA.",,
153,MiSeqSFPQc.csv,uc001set.3,16394,uc001set.3,NR_003084,,,HOXC5,NR_003084,,"Homo sapiens homeobox C5 (HOXC5), transcript variant 2, non-coding RNA.",,
154,MiSeqSFPQc.csv,uc004eua.3,78767,uc004eua.3,NM_001042749,Q8N3U4-2,Q8N3U4-2,STAG2,NM_001042749,NP_001036215,"Homo sapiens stromal antigen 2 (STAG2), transcript variant 1, mRNA.",,
155,MiSeqSFPQc.csv,uc010wyr.1,34351,uc010wyr.1,AK297605,B7Z4N8,B7Z4N8_HUMAN,USP14,NM_005151,NP_005142,"Homo sapiens ubiquitin specific peptidase 14 (tRNA-guanine transglycosylase) (USP14), transcript variant 1, mRNA.",,
156,MiSeqSFPQc.csv,uc010ymp.2,40519,uc010ymp.2,AK297262,Q6UWP7,LCLT1_HUMAN,LCLAT1,,,"Homo sapiens lysocardiolipin acyltransferase 1 (LCLAT1), transcript variant 1, mRNA.",,
157,MiSeqSFPQc.csv,uc031rck.1,31081,uc031rck.1,JQ790713,A6NM11,L37A2_HUMAN,LRRC37A2,,,"Homo sapiens leucine rich repeat containing 37, member A2 (LRRC37A2), mRNA.",,
158,MiSeqSFPQc.csv,uc001bgp.4,4537,uc001bgp.4,NM_001102398,O43390-2,O43390-2,HNRNPR,NM_001102398,NP_001095869,"Homo sapiens heterogeneous nuclear ribonucleoprotein R (HNRNPR), transcript variant 1, mRNA.",,
159,MiSeqSFPQc.csv,uc002hdx.4,32716,uc002hdx.4,AK297732,A1L3A6,A1L3A6_HUMAN,NUFIP2,,,"Homo sapiens nuclear fragile X mental retardation protein interacting protein 2 (NUFIP2), mRNA.",,
160,MiSeqSFPQc.csv,uc031rci.1,31079,uc031rci.1,JQ790597,A6NM11,L37A2_HUMAN,LRRC37A2,NM_001006607,NP_001006608,"Homo sapiens leucine rich repeat containing 37, member A2 (LRRC37A2), mRNA.",,
161,MiSeqSFPQc.csv,uc003fiw.4,53837,uc003fiw.4,BX648935,Q9BZK7,TBL1R_HUMAN,TBL1XR1,NM_024665,NP_078941,"Homo sapiens transducin (beta)-like 1 X-linked receptor 1 (TBL1XR1), mRNA.",,
162,MiSeqSFPQc.csv,uc001ebi.3,2004,uc001ebi.3,M22995,P62834,RAP1A_HUMAN,RAP1A,NM_002884,NP_002875,"Homo sapiens RAP1A, member of RAS oncogene family (RAP1A), transcript variant 2, mRNA.",,
163,MiSeqSFPQc.csv,uc004etz.4,78770,uc004etz.4,AK313559,Q8N3U4,STAG2_HUMAN,STAG2,NM_006603,NP_006594,"Homo sapiens stromal antigen 2 (STAG2), transcript variant 1, mRNA.",,
164,MiSeqSFPQc.csv,uc001bgr.4,4536,uc001bgr.4,NM_005826,O43390,HNRPR_HUMAN,HNRNPR,NM_005826,NP_001095867,"Homo sapiens heterogeneous nuclear ribonucleoprotein R (HNRNPR), transcript variant 2, mRNA.",,
165,MiSeqSFPQc.csv,uc003csg.3,52539,uc003csg.3,NM_030885,P27816-7,P27816-7,MAP4,NM_030885,NP_112147,"Homo sapiens microtubule-associated protein 4 (MAP4), transcript variant 3, mRNA.",,
166,MiSeqSFPQc.csv,uc010bfs.3,24044,uc010bfs.3,AK310708,,,TCF12,,,"Homo sapiens transcription factor 12 (TCF12), transcript variant 3, mRNA.",,
167,MiSeqSFPQc.csv,uc003yyv.3,74252,uc003yyv.3,NM_001130056,P29692-3,P29692-3,EEF1D,NM_001130056,NP_001123528,"Homo sapiens eukaryotic translation elongation factor 1 delta (guanine nucleotide exchange protein) (EEF1D), transcript variant 7, mRNA.",,
168,MiSeqSFPQc.csv,uc003qee.4,61843,uc003qee.4,NM_172103,O95677-2,O95677-2,EYA4,NM_172103,NP_742101,"Homo sapiens eyes absent homolog 4 (Drosophila) (EYA4), transcript variant 2, mRNA.",,
169,MiSeqSFPQc.csv,uc009vyw.1,5196,uc009vyw.1,AF094700,,,FAF1,,,"Homo sapiens Fas (TNFRSF6) associated factor 1 (FAF1), mRNA.",,
170,MiSeqSFPQc.csv,uc001vxa.1,22192,uc001vxa.1,NR_002312,,,RPPH1,NR_002312,,"Homo sapiens ribonuclease P RNA component H1 (RPPH1), RNase P RNA.",,
171,MiSeqSFPQc.csv,uc001pyx.2,13098,uc001pyx.2,NM_020716,Q3KR37,GRM1B_HUMAN,GRAMD1B,NM_020716,NP_065767,"Homo sapiens GRAM domain containing 1B (GRAMD1B), mRNA.",,
172,MiSeqSFPQc.csv,uc002nat.3,38511,uc002nat.3,BC035266,Q4G0X8,Q4G0X8_HUMAN,BRD4,NM_014299,NP_055114,"Homo sapiens bromodomain containing 4 (BRD4), transcript variant short, mRNA.",,
173,MiSeqSFPQc.csv,uc010osv.1,5552,uc010osv.1,AK294754,A2PYH4,HFM1_HUMAN,HFM1,,,"Homo sapiens HFM1, ATP-dependent DNA helicase homolog (S. cerevisiae) (HFM1), mRNA.",,
174,MiSeqSFPQc.csv,uc011ecs.2,61844,uc011ecs.2,AK299378,F2Z2Y1,F2Z2Y1_HUMAN,EYA4,NM_004100,NP_004091,"Homo sapiens eyes absent homolog 4 (Drosophila) (EYA4), transcript variant 1, mRNA.",,
175,MiSeqSFPQc.csv,uc011bmh.2,51451,uc011bmh.2,NR_049770,B7Z637,B7Z637_HUMAN,ARMC8,NM_015396,NP_056211,"Homo sapiens armadillo repeat containing 8 (ARMC8), transcript variant 6, non-coding RNA.",,
176,MiSeqSFPQc.csv,uc001xlt.2,21483,uc001xlt.2,NM_001034852,Q9H4F8-2,Q9H4F8-2,SMOC1,NM_001034852,NP_001030024,"Homo sapiens SPARC related modular calcium binding 1 (SMOC1), transcript variant 1, mRNA.",,
177,MiSeqSFPQc.csv,uc011byq.2,54539,uc011byq.2,AK295846,B4DIZ2,B4DIZ2_HUMAN,UBE2K,NM_001111113,,"Homo sapiens ubiquitin-conjugating enzyme E2K (UBE2K), transcript variant 1, mRNA.",,
178,MiSeqSFPQc.csv,uc003qec.4,61841,uc003qec.4,NM_004100,O95677,EYA4_HUMAN,EYA4,NM_004100,NP_004091,"Homo sapiens eyes absent homolog 4 (Drosophila) (EYA4), transcript variant 1, mRNA.",,
179,MiSeqSFPQc.csv,uc011ecq.2,61846,uc011ecq.2,AK301950,O95677-5,O95677-5,EYA4,NM_172105,NP_742103,"Homo sapiens eyes absent homolog 4 (Drosophila) (EYA4), transcript variant 4, mRNA.",,
180,MiSeqSFPQc.csv,uc010lzb.3,73646,uc010lzb.3,NM_001146009,E9PKK5,E9PKK5_HUMAN,SLCO5A1,NM_001146009,NP_001139481,"Homo sapiens solute carrier organic anion transporter family, member 5A1 (SLCO5A1), transcript variant 3, mRNA.",,
181,MiSeqSFPQc.csv,uc001aif.3,4136,uc001aif.3,NM_002074,P62873,GBB1_HUMAN,GNB1,NM_002074,NP_002065,"Homo sapiens guanine nucleotide binding protein (G protein), beta polypeptide 1 (GNB1), mRNA.",,
182,MiSeqSFPQc.csv,uc001onx.3,12377,uc001onx.3,NM_001164162,Q5H9R7-2,Q5H9R7-2,PPP6R3,NM_001164162,NP_001157634,"Homo sapiens protein phosphatase 6, regulatory subunit 3 (PPP6R3), transcript variant 1, mRNA.",,
183,MiSeqSFPQc.csv,uc004eue.3,78769,uc004eue.3,NM_006603,Q8N3U4,STAG2_HUMAN,STAG2,NM_006603,NP_006594,"Homo sapiens stromal antigen 2 (STAG2), transcript variant 4, mRNA.",,
184,MiSeqSFPQc.csv,uc011mpt.1,79783,uc011mpt.1,NR_001568,,,BCYRN1,NR_001568,,"Homo sapiens brain cytoplasmic RNA 1 (BCYRN1), non-coding RNA.",,
185,MiSeqSFPQc.csv,uc003crq.2,52534,uc003crq.2,NM_003074,Q92922,SMRC1_HUMAN,SMARCC1,NM_003074,NP_003065,"Homo sapiens SWI/SNF related, matrix associated, actin dependent regulator of chromatin, subfamily c, member 1 (SMARCC1), mRNA.",,
186,MiSeqSFPQc.csv,uc010jbr.1,59344,uc010jbr.1,AK308672,P52803,EFNA5_HUMAN,EFNA5,NM_001962,NP_001953,"Homo sapiens ephrin-A5 (EFNA5), mRNA.",,
187,MiSeqSFPQc.csv,uc001suu.4,16709,uc001suu.4,BC000714,Q16630-2,Q16630-2,CPSF6,NM_007007,NP_008938,"Homo sapiens cleavage and polyadenylation specific factor 6, 68kDa (CPSF6), mRNA.",,
188,MiSeqSFPQc.csv,uc010nlq.1,79827,uc010nlq.1,NR_028379,,,FTX,NR_028379,,"Homo sapiens FTX transcript, XIST regulator (non-protein coding) (FTX), non-coding RNA.",,
189,MiSeqSFPQc.csv,uc001iyu.4,8114,uc001iyu.4,NM_181698,Q8ND76,CCNY_HUMAN,CCNY,NM_181698,NP_859049,"Homo sapiens cyclin Y (CCNY), transcript variant 2, mRNA.",,
190,MiSeqSFPQc.csv,uc021shu.1,23632,uc021shu.1,NR_038255,,,LOC100288637,NR_038255,,"Homo sapiens OTU domain containing 7A pseudogene (LOC100288637), transcript variant 3, non-coding RNA.",,
191,MiSeqSFPQc.csv,uc003dhz.3,50801,uc003dhz.3,NM_001141947,A2RUB6,CCD66_HUMAN,CCDC66,NM_001141947,NP_001135419,"Homo sapiens coiled-coil domain containing 66 (CCDC66), transcript variant 1, mRNA.",,
192,MiSeqSFPQc.csv,uc021xrw.1,56590,uc021xrw.1,NM_014331,Q9UPY5,XCT_HUMAN,SLC7A11,NM_014331,NP_055146,"Homo sapiens solute carrier family 7 (anionic amino acid transporter light chain, xc- system), member 11 (SLC7A11), mRNA.",,
193,MiSeqSFPQc.csv,uc001chs.3,1063,uc001chs.3,NM_004559,P67809,YBOX1_HUMAN,YBX1,NM_004559,NP_004550,"Homo sapiens Y box binding protein 1 (YBX1), mRNA.",,
194,MiSeqSFPQc.csv,uc010lam.1,68777,uc010lam.1,NM_001257190,A8MXF9,A8MXF9_HUMAN,POM121,NM_001257190,NP_001244119,"Homo sapiens POM121 transmembrane nucleoporin (POM121), transcript variant 1, mRNA.",,
195,MiSeqSFPQc.csv,uc010snu.2,16326,uc010snu.2,AK299329,E7EX17,E7EX17_HUMAN,EIF4B,NM_001417,NP_001408,"Homo sapiens eukaryotic translation initiation factor 4B (EIF4B), mRNA.",,
196,MiSeqSFPQc.csv,uc003pek.3,61425,uc003pek.3,CR749458,Q93096,TP4A1_HUMAN,PTP4A1,NM_003463,NP_003454,"Homo sapiens protein tyrosine phosphatase type IVA, member 1 (PTP4A1), mRNA.",,
197,MiSeqSFPQc.csv,uc002ttj.3,44083,uc002ttj.3,NR_027020,,,ANKRD30BL,NR_027020,,"Homo sapiens ankyrin repeat domain 30B-like (ANKRD30BL), transcript variant 2, non-coding RNA.",,
198,MiSeqSFPQc.csv,uc003ezi.3,51578,uc003ezi.3,NM_207292,Q9NR56-2,Q9NR56-2,MBNL1,NM_207292,NP_997175,"Homo sapiens muscleblind-like splicing regulator 1 (MBNL1), transcript variant 2, mRNA.",,
199,MiSeqSFPQc.csv,uc002sbk.3,43336,uc002sbk.3,AL833550,O14980,XPO1_HUMAN,XPO1,,,"Homo sapiens exportin 1 (CRM1 homolog, yeast) (XPO1), mRNA.",,
200,MiSeqSFPQc.csv,uc002fgp.3,28221,uc002fgp.3,NM_198390,Q8IY22,CMIP_HUMAN,CMIP,NM_198390,NP_938204,"Homo sapiens c-Maf inducing protein (CMIP), transcript variant 1, mRNA.",,
201,MiSeqSFPQc.csv,uc031rcu.1,31076,uc031rcu.1,JQ790708,A6NM11,L37A2_HUMAN,LRRC37A2,,,"Homo sapiens leucine rich repeat containing 37, member A2 (LRRC37A2), mRNA.",,
202,MiSeqSFPQc.csv,uc002xvu.1,46917,uc002xvu.1,NM_181442,Q9H2P0,ADNP_HUMAN,ADNP,NM_181442,NP_852107,"Homo sapiens activity-dependent neuroprotector homeobox (ADNP), transcript variant 2, mRNA.",,
203,MiSeqSFPQc.csv,uc003yks.2,73931,uc003yks.2,AB384540,J3KMW7,J3KMW7_HUMAN,UBR5,NM_015902,NP_056986,"Homo sapiens ubiquitin protein ligase E3 component n-recognin 5 (UBR5), mRNA.",,
204,MiSeqSFPQc.csv,uc001oiw.2,12293,uc001oiw.2,NM_002896,Q9BWF3,RBM4_HUMAN,RBM4,NM_002896,NP_002887,"Homo sapiens RNA binding motif protein 4 (RBM4), transcript variant 1, mRNA.",,
205,MiSeqSFPQc.csv,uc011cmn.2,57021,uc011cmn.2,NM_001171805,B7ZLL4,B7ZLL4_HUMAN,PAPD7,NM_001171805,NP_001165276,"Homo sapiens PAP associated domain containing 7 (PAPD7), transcript variant 2, mRNA.",,
206,MiSeqSFPQc.csv,uc003oli.3,63018,uc003oli.3,AJ318054,Q96SB4,SRPK1_HUMAN,SRPK1,NM_003137,NP_003128,"Homo sapiens SRSF protein kinase 1 (SRPK1), transcript variant 1, mRNA.",,
207,MiSeqSFPQc.csv,uc003jkl.4,57153,uc003jkl.4,NM_133433,Q6KC79,NIPBL_HUMAN,NIPBL,NM_133433,NP_597677,"Homo sapiens Nipped-B homolog (Drosophila) (NIPBL), transcript variant A, mRNA.",,
208,MiSeqSFPQc.csv,uc003gut.4,54536,uc003gut.4,NM_001111113,P61086-2,P61086-2,UBE2K,NM_001111113,NP_001104583,"Homo sapiens ubiquitin-conjugating enzyme E2K (UBE2K), transcript variant 3, mRNA.",,
209,MiSeqSFPQc.csv,uc003tlw.3,68566,uc003tlw.3,NM_021130,P62937,PPIA_HUMAN,PPIA,NM_021130,NP_066953,"Homo sapiens peptidylprolyl isomerase A (cyclophilin A) (PPIA), mRNA.",,
210,MiSeqSFPQc.csv,uc021qdx.1,11366,uc021qdx.1,NM_021961,P28347,TEAD1_HUMAN,TEAD1,NM_021961,NP_068780,"Homo sapiens TEA domain family member 1 (SV40 transcriptional enhancer factor) (TEAD1), mRNA.",,
211,MiSeqSFPQc.csv,uc011cmv.2,57045,uc011cmv.2,NM_001270661,B4DKJ2,B4DKJ2_HUMAN,MARCH6,NM_001270661,NP_001257590,"Homo sapiens membrane-associated ring finger (C3HC4) 6, E3 ubiquitin protein ligase (MARCH6), transcript variant 3, mRNA.",,
212,MiSeqSFPQc.csv,uc001cse.1,5195,uc001cse.1,NM_007051,Q9UNN5,FAF1_HUMAN,FAF1,NM_007051,NP_008982,"Homo sapiens Fas (TNFRSF6) associated factor 1 (FAF1), mRNA.",,
213,MiSeqSFPQc.csv,uc010odx.2,4540,uc010odx.2,AK297405,E7ETM7,E7ETM7_HUMAN,HNRNPR,NM_001102397,NP_001095867,"Homo sapiens heterogeneous nuclear ribonucleoprotein R (HNRNPR), transcript variant 4, mRNA.",,
214,MiSeqSFPQc.csv,uc010xrw.2,36486,uc010xrw.2,AK293446,B4DE36,B4DE36_HUMAN,GPI,NM_001184722,NP_001171651,"Homo sapiens glucose-6-phosphate isomerase (GPI), transcript variant 2, mRNA.",,
215,MiSeqSFPQc.csv,uc002dja.3,28923,uc002dja.3,AB040413,,,LOC100271836,,,"Homo sapiens smg-1 homolog, phosphatidylinositol 3-kinase-related kinase (C. elegans) pseudogene (LOC100271836), non-coding RNA.",,
216,MiSeqSFPQc.csv,uc002bul.3,24911,uc002bul.3,NM_000875,P08069,IGF1R_HUMAN,IGF1R,NM_000875,NP_000866,"Homo sapiens insulin-like growth factor 1 receptor (IGF1R), mRNA.",,
217,MiSeqSFPQc.csv,uc001onv.3,12374,uc001onv.3,NM_001164160,Q5H9R7-5,Q5H9R7-5,PPP6R3,NM_001164160,NP_001157632,"Homo sapiens protein phosphatase 6, regulatory subunit 3 (PPP6R3), transcript variant 4, mRNA.",,
218,MiSeqSFPQc.csv,uc003ezj.3,51583,uc003ezj.3,BC050535,Q86VM6,Q86VM6_HUMAN,MBNL1,NM_207293,NP_997176,"Homo sapiens muscleblind-like splicing regulator 1 (MBNL1), transcript variant 1, mRNA.",,
219,MiSeqSFPQc.csv,uc031tci.1,72900,uc031tci.1,M34430,,,MYC,,,"Human proto-oncogene myc mRNA, 5' end, clone DMmyc.",,
220,MiSeqSFPQc.csv,uc003xek.3,72178,uc003xek.3,AK130123,Q6ZP32,Q6ZP32_HUMAN,PPP2R2A,NM_002717,NP_002708,"Homo sapiens protein phosphatase 2, regulatory subunit B, alpha (PPP2R2A), transcript variant 2, mRNA.",,
221,MiSeqSFPQc.csv,uc003dhx.3,50804,uc003dhx.3,AL833326,,,CCDC66,,,"Homo sapiens coiled-coil domain containing 66 (CCDC66), transcript variant 1, mRNA.",,
222,MiSeqSFPQc.csv,uc003jgh.5,57068,uc003jgh.5,NR_027026,B3KTI7,B3KTI7_HUMAN,GUSBP1,NR_027026,,"Homo sapiens glucuronidase, beta pseudogene 1 (GUSBP1), transcript variant 1, non-coding RNA.",,
223,MiSeqSFPQc.csv,uc003xre.4,73531,uc003xre.4,NM_014781,Q8TDY2,RBCC1_HUMAN,RB1CC1,NM_014781,NP_055596,"Homo sapiens RB1-inducible coiled-coil 1 (RB1CC1), transcript variant 1, mRNA.",,
224,MiSeqSFPQc.csv,uc003wyy.3,73233,uc003wyy.3,NM_206909,Q9NYI0-3,Q9NYI0-3,PSD3,NM_206909,NP_996792,"Homo sapiens pleckstrin and Sec7 domain containing 3 (PSD3), transcript variant 2, mRNA.",,
225,MiSeqSFPQc.csv,uc001qzj.4,17760,uc001qzj.4,AK123548,Q6ZW62,Q6ZW62_HUMAN,PRH1-PRR4,,,"Homo sapiens PRH1-PRR4 readthrough (PRH1-PRR4), non-coding RNA.",,
226,MiSeqSFPQc.csv,uc003jat.1,56978,uc003jat.1,NM_013232,O75340,PDCD6_HUMAN,PDCD6,NM_013232,NP_001254487,"Homo sapiens programmed cell death 6 (PDCD6), transcript variant 1, mRNA.",,
227,MiSeqSFPQc.csv,uc010pvy.1,3749,uc010pvy.1,AK300453,G3V1S6,G3V1S6_HUMAN,GALNT2,NM_004481,NP_004472,"Homo sapiens UDP-N-acetyl-alpha-D-galactosamine:polypeptide N-acetylgalactosaminyltransferase 2 (GalNAc-T2) (GALNT2), mRNA.",,
228,MiSeqSFPQc.csv,uc001hfq.4,3469,uc001hfq.4,NM_000574,P08174,DAF_HUMAN,CD55,NM_000574,NP_000565,"Homo sapiens CD55 molecule, decay accelerating factor for complement (Cromer blood group) (CD55), transcript variant 1, mRNA.",,
229,MiSeqSFPQc.csv,uc003jfg.3,57053,uc003jfg.3,U42390,,,TRIO,,,"Homo sapiens trio Rho guanine nucleotide exchange factor (TRIO), mRNA.",,
230,MiSeqSFPQc.csv,uc021xqp.2,56468,uc021xqp.2,CCDS43259,Q9BXS0-2,Q9BXS0-2,COL25A1,NM_032518,NP_115907,"Homo sapiens collagen, type XXV, alpha 1 (COL25A1), transcript variant 2, mRNA.",,
231,MiSeqSFPQc.csv,uc001qzb.4,17749,uc001qzb.4,NR_037918,,,PRH1-PRR4,NR_037918,,"Homo sapiens PRH1-PRR4 readthrough (PRH1-PRR4), non-coding RNA.",,
232,MiSeqSFPQc.csv,uc002fcl.3,29581,uc002fcl.3,NM_001164766,Q15911,ZFHX3_HUMAN,ZFHX3,NM_001164766,NP_001158238,"Homo sapiens zinc finger homeobox 3 (ZFHX3), transcript variant B, mRNA.",,
233,MiSeqSFPQc.csv,uc010mnd.3,74760,uc010mnd.3,BC006438,Q9BR82,Q9BR82_HUMAN,LOC100132167,,,SubName: Full=LOC100132167 protein;,,
234,MiSeqSFPQc.csv,uc003jet.2,57043,uc003jet.2,NM_005885,O60337,MARH6_HUMAN,MARCH6,NM_005885,NP_005876,"Homo sapiens membrane-associated ring finger (C3HC4) 6, E3 ubiquitin protein ligase (MARCH6), transcript variant 1, mRNA.",,
235,MiSeqSFPQc.csv,uc003xeu.3,72173,uc003xeu.3,NM_002717,P63151,2ABA_HUMAN,PPP2R2A,NM_002717,NP_002708,"Homo sapiens protein phosphatase 2, regulatory subunit B, alpha (PPP2R2A), transcript variant 1, mRNA.",,
236,MiSeqSFPQc.csv,uc003sle.1,70120,uc003sle.1,U33822,Q9Y6D9,MD1L1_HUMAN,MAD1L1,NM_003550,NP_003541,"Homo sapiens MAD1 mitotic arrest deficient-like 1 (yeast) (MAD1L1), transcript variant 3, mRNA.",,
237,MiSeqSFPQc.csv,uc022bqt.1,77547,uc022bqt.1,JA760600,,,JA760600,,,"Homo sapiens piRNA piR-31490, complete sequence.",,
238,MiSeqSFPQc.csv,uc009vql.3,4542,uc009vql.3,AK300029,B4DT28,B4DT28_HUMAN,HNRNPR,NM_001102397,NP_001095867,"Homo sapiens heterogeneous nuclear ribonucleoprotein R (HNRNPR), transcript variant 4, mRNA.",,
239,MiSeqSFPQc.csv,uc003jhg.2,58796,uc003jhg.2,NM_013235,Q9NRR4,RNC_HUMAN,DROSHA,NM_013235,NP_037367,"Homo sapiens drosha, ribonuclease type III (DROSHA), transcript variant 1, mRNA.",,
240,MiSeqSFPQc.csv,uc001hgp.3,3493,uc001hgp.3,NM_172353,P15529-4,P15529-4,CD46,NM_172353,NP_758863,"Homo sapiens CD46 molecule, complement regulatory protein (CD46), transcript variant f, mRNA.",,
241,MiSeqSFPQc.csv,uc010ksj.3,70118,uc010ksj.3,AK310831,Q9Y6D9,MD1L1_HUMAN,MAD1L1,NM_003550,NP_003541,"Homo sapiens MAD1 mitotic arrest deficient-like 1 (yeast) (MAD1L1), transcript variant 2, mRNA.",,
242,MiSeqSFPQc.csv,uc003zzq.3,74691,uc003zzq.3,NM_032226,Q8N3Z6,ZCHC7_HUMAN,ZCCHC7,NM_032226,NP_115602,"Homo sapiens zinc finger, CCHC domain containing 7 (ZCCHC7), mRNA.",,
243,MiSeqSFPQc.csv,uc001iyx.4,8117,uc001iyx.4,BC050310,Q8ND76,CCNY_HUMAN,CCNY,NM_181698,NP_859049,"Homo sapiens cyclin Y (CCNY), transcript variant 1, mRNA.",,
244,MiSeqSFPQc.csv,uc004cos.5,77533,uc004cos.5,S81656,,,TVAS5,,,"Homo sapiens mRNA expressed only in placental villi, clone SMAP47.",,
245,MiSeqSFPQc.csv,uc002iko.4,33403,uc002iko.4,NM_016632,Q8IVW1-2,Q8IVW1-2,ARL17A,NM_016632,NP_057716,"Homo sapiens ADP-ribosylation factor-like 17A (ARL17A), transcript variant 2, mRNA.",,
246,MiSeqSFPQc.csv,uc022asi.1,72023,uc022asi.1,AY530159,,,TUSC3,,,"Homo sapiens tumor suppressor candidate 3 (TUSC3), transcript variant 2, mRNA.",,
247,MiSeqSFPQc.csv,uc010ksh.1,70116,uc010ksh.1,AK314227,Q9Y6D9,MD1L1_HUMAN,MAD1L1,NM_003550,NP_003541,"Homo sapiens MAD1 mitotic arrest deficient-like 1 (yeast) (MAD1L1), transcript variant 3, mRNA.",,
248,MiSeqSFPQc.csv,uc010ugn.1,24038,uc010ugn.1,AK294617,E9PGY0,E9PGY0_HUMAN,TCF12,NM_207037,NP_996920,"Homo sapiens transcription factor 12 (TCF12), transcript variant 2, mRNA.",,
249,MiSeqSFPQc.csv,uc001qzf.2,17758,uc001qzf.2,K03207,E9PAL0,E9PAL0_HUMAN,PRB4,NM_002723,NP_002714,"Homo sapiens proline-rich protein BstNI subfamily 4 (PRB4), transcript variant 1, mRNA.",,
250,MiSeqSFPQc.csv,uc003hzh.2,56466,uc003hzh.2,NM_001256074,A8MWQ5,A8MWQ5_HUMAN,COL25A1,NM_001256074,NP_001243003,"Homo sapiens collagen, type XXV, alpha 1 (COL25A1), transcript variant 3, mRNA.",,
251,MiSeqSFPQc.csv,uc004chz.3,77423,uc004chz.3,NM_017617,P46531,NOTC1_HUMAN,NOTCH1,NM_017617,NP_060087,"Homo sapiens notch 1 (NOTCH1), mRNA.",,
252,MiSeqSFPQc.csv,uc003iqj.3,56769,uc003iqj.3,NM_138386,Q96HR8,NAF1_HUMAN,NAF1,NM_138386,NP_612395,"Homo sapiens nuclear assembly factor 1 ribonucleoprotein (NAF1), transcript variant 1, mRNA.",,
253,MiSeqSFPQc.csv,uc003vcv.4,71312,uc003vcv.4,NM_182692,P78362-2,P78362-2,SRPK2,NM_182692,NP_872634,"Homo sapiens SRSF protein kinase 2 (SRPK2), transcript variant 1, mRNA.",,
254,MiSeqSFPQc.csv,uc001kmo.3,10498,uc001kmo.3,BC029917,Q6ZUJ8-3,Q6ZUJ8-3,PIK3AP1,NM_152309,NP_689522,"Homo sapiens phosphoinositide-3-kinase adaptor protein 1 (PIK3AP1), mRNA.",,
255,MiSeqSFPQc.csv,uc002fmy.2,29771,uc002fmy.2,NM_001256182,Q6UB99,ANR11_HUMAN,ANKRD11,NM_001256182,NP_037407,"Homo sapiens ankyrin repeat domain 11 (ANKRD11), transcript variant 1, mRNA.",,
256,MiSeqSFPQc.csv,uc003hzd.4,56465,uc003hzd.4,NR_045756,,,COL25A1,NR_045756,,"Homo sapiens collagen, type XXV, alpha 1 (COL25A1), transcript variant 4, non-coding RNA.",,
257,MiSeqSFPQc.csv,uc003pdm.2,61411,uc003pdm.2,NM_001031623,Q9Y4E5,ZN451_HUMAN,ZNF451,NM_001031623,NP_001026794,"Homo sapiens zinc finger protein 451 (ZNF451), transcript variant 1, mRNA.",,
258,MiSeqSFPQc.csv,uc003slg.1,70115,uc003slg.1,NM_001013837,Q9Y6D9,MD1L1_HUMAN,MAD1L1,NM_001013837,NP_003541,"Homo sapiens MAD1 mitotic arrest deficient-like 1 (yeast) (MAD1L1), transcript variant 3, mRNA.",,
259,MiSeqSFPQc.csv,uc003ysa.2,74087,uc003ysa.2,JX003870,,,CCAT1,,,"Homo sapiens cDNA FLJ43320 fis, clone NT2RI2024935.",,
260,MiSeqSFPQc.csv,uc004csr.3,77680,uc004csr.3,NM_005647,O60907,TBL1X_HUMAN,TBL1X,NM_005647,NP_001132940,"Homo sapiens transducin (beta)-like 1X-linked (TBL1X), transcript variant 1, mRNA.",,
261,MiSeqSFPQc.csv,uc003nim.2,62489,uc003nim.2,NR_003504,,,GUSBP2,NR_003504,,"Homo sapiens glucuronidase, beta pseudogene 2 (GUSBP2), non-coding RNA.",,
262,MiSeqSFPQc.csv,uc003jhi.2,58797,uc003jhi.2,BC054003,E7EMP9,E7EMP9_HUMAN,DROSHA,NM_001100412,NP_001093882,"Homo sapiens drosha, ribonuclease type III (DROSHA), transcript variant 2, mRNA.",,
263,MiSeqSFPQc.csv,uc001iyv.4,8116,uc001iyv.4,BC143455,Q8ND76,CCNY_HUMAN,CCNY,NM_181698,NP_859049,"Homo sapiens cyclin Y (CCNY), transcript variant 2, mRNA.",,
264,MiSeqSFPQc.csv,uc011bbf.1,52540,uc011bbf.1,AK297242,P27816,MAP4_HUMAN,MAP4,NM_001134364,NP_001127836,"Homo sapiens microtubule-associated protein 4 (MAP4), transcript variant 4, mRNA.",,
265,MiSeqSFPQc.csv,uc002aea.3,24033,uc002aea.3,NM_207036,Q99081-3,Q99081-3,TCF12,NM_207036,NP_996920,"Homo sapiens transcription factor 12 (TCF12), transcript variant 1, mRNA.",,
266,MiSeqSFPQc.csv,uc010bxf.3,27257,uc010bxf.3,NR_027154,,,SMG1P1,NR_027154,,"Homo sapiens smg-1 homolog, phosphatidylinositol 3-kinase-related kinase pseudogene 1 (SMG1P1), non-coding RNA.",,
267,MiSeqSFPQc.csv,uc001kmq.3,10496,uc001kmq.3,NM_152309,Q6ZUJ8,BCAP_HUMAN,PIK3AP1,NM_152309,NP_689522,"Homo sapiens phosphoinositide-3-kinase adaptor protein 1 (PIK3AP1), mRNA.",,
268,MiSeqSFPQc.csv,uc011bbd.1,52535,uc011bbd.1,AK302541,Q92922,SMRC1_HUMAN,SMARCC1,NM_003074,NP_003065,"Homo sapiens SWI/SNF related, matrix associated, actin dependent regulator of chromatin, subfamily c, member 1 (SMARCC1), mRNA.",,
269,MiSeqSFPQc.csv,uc001hgl.3,3492,uc001hgl.3,NM_172352,P15529-12,P15529-12,CD46,NM_172352,NP_758862,"Homo sapiens CD46 molecule, complement regulatory protein (CD46), transcript variant e, mRNA.",,
270,MiSeqSFPQc.csv,uc003esa.2,51448,uc003esa.2,NM_015396,Q8IUR7-2,Q8IUR7-2,ARMC8,NM_015396,NP_056211,"Homo sapiens armadillo repeat containing 8 (ARMC8), transcript variant 2, mRNA.",,
271,MiSeqSFPQc.csv,uc002isp.2,31263,uc002isp.2,BC056409,,,LUC7L3,,,"Homo sapiens LUC7-like 3 (S. cerevisiae) (LUC7L3), transcript variant 2, mRNA.",,
272,MiSeqSFPQc.csv,uc002kcn.3,34142,uc002kcn.3,NM_002359,O15525,MAFG_HUMAN,MAFG,NM_002359,NP_116100,"Homo sapiens v-maf musculoaponeurotic fibrosarcoma oncogene homolog G (avian) (MAFG), transcript variant 1, mRNA.",,
273,MiSeqSFPQc.csv,uc003sli.1,70117,uc003sli.1,AX746704,B3KR41,B3KR41_HUMAN,MAD1L1,,,"Homo sapiens MAD1 mitotic arrest deficient-like 1 (yeast) (MAD1L1), transcript variant 3, mRNA.",,
274,MiSeqSFPQc.csv,uc003esc.2,51456,uc003esc.2,AK001882,Q8IUR7,ARMC8_HUMAN,ARMC8,,,"Homo sapiens armadillo repeat containing 8 (ARMC8), transcript variant 6, non-coding RNA.",,
275,MiSeqSFPQc.csv,uc010iqw.1,56770,uc010iqw.1,NM_001128931,E9PAZ2,E9PAZ2_HUMAN,NAF1,NM_001128931,NP_001122403,"Homo sapiens nuclear assembly factor 1 ribonucleoprotein (NAF1), transcript variant 2, mRNA.",,
276,MiSeqSFPQc.csv,uc031qgg.1,17759,uc031qgg.1,BC064553,P02810,PRPC_HUMAN,PRH1-PRR4,NM_006250,NP_006241,"Homo sapiens PRH1-PRR4 readthrough (PRH1-PRR4), non-coding RNA.",,
277,MiSeqSFPQc.csv,uc010kyl.4,68568,uc010kyl.4,AK293003,P62937,PPIA_HUMAN,PPIA,,,"Homo sapiens peptidylprolyl isomerase A (cyclophilin A) (PPIA), mRNA.",,
278,MiSeqSFPQc.csv,uc003hzf.4,56469,uc003hzf.4,CCDS58922,A8MWQ5,A8MWQ5_HUMAN,COL25A1,NM_001256074,NP_001243003,"Homo sapiens collagen, type XXV, alpha 1 (COL25A1), transcript variant 3, mRNA.",,
279,MiSeqSFPQc.csv,uc009ysh.3,12378,uc009ysh.3,NM_001164164,Q5H9R7-3,Q5H9R7-3,PPP6R3,NM_001164164,NP_001157636,"Homo sapiens protein phosphatase 6, regulatory subunit 3 (PPP6R3), transcript variant 3, mRNA.",,
280,MiSeqSFPQc.csv,uc004eaa.2,78382,uc004eaa.2,NM_181672,O15294,OGT1_HUMAN,OGT,NM_181672,NP_858058,"Homo sapiens O-linked N-acetylglucosamine (GlcNAc) transferase (OGT), transcript variant 1, mRNA.",,
281,MiSeqSFPQc.csv,uc002fnh.1,28348,uc002fnh.1,AK097694,,,AK097694,,,"Homo sapiens cDNA FLJ40375 fis, clone TESTI2035084.",,
282,MiSeqSFPQc.csv,uc021vex.1,81323,uc021vex.1,,,,TRNA_Tyr,,,transfer RNA Tyr (anticodon GTA),,chr2.tRNA2-TyrGTA
283,MiSeqSFPQc.csv,uc031sik.1,56979,uc031sik.1,NM_001267559,E7ESR3,E7ESR3_HUMAN,PDCD6,NM_001267559,NP_001254488,"Homo sapiens programmed cell death 6 (PDCD6), transcript variant 5, mRNA.",,
284,MiSeqSFPQc.csv,uc001hgj.3,3490,uc001hgj.3,NM_172359,P15529-2,P15529-2,CD46,NM_172359,NP_758869,"Homo sapiens CD46 molecule, complement regulatory protein (CD46), transcript variant b, mRNA.",,
285,MiSeqSFPQc.csv,uc004eab.2,78383,uc004eab.2,NM_181673,O15294-3,O15294-3,OGT,NM_181673,NP_858059,"Homo sapiens O-linked N-acetylglucosamine (GlcNAc) transferase (OGT), transcript variant 2, mRNA.",,
286,MiSeqSFPQc.csv,uc009xce.3,3472,uc009xce.3,AB240568,Q14UF4,Q14UF4_HUMAN,CD55,NM_000574,NP_000565,"Homo sapiens CD55 molecule, decay accelerating factor for complement (Cromer blood group) (CD55), transcript variant 1, mRNA.",,
287,MiSeqSFPQc.csv,uc003umx.1,69071,uc003umx.1,BC030956,,,GNGT1,,,"Homo sapiens guanine nucleotide binding protein (G protein), gamma transducing activity polypeptide 1 (GNGT1), mRNA.",,
288,MiSeqSFPQc.csv,uc021tel.1,27225,uc021tel.1,AK293635,,,LOC23117,,,Homo sapiens cDNA FLJ59829 complete cds.,,
289,MiSeqSFPQc.csv,uc001hgh.3,3495,uc001hgh.3,NM_172361,P15529-7,P15529-7,CD46,NM_172361,NP_758871,"Homo sapiens CD46 molecule, complement regulatory protein (CD46), transcript variant l, mRNA.",,
290,MiSeqSFPQc.csv,uc003pdk.2,61415,uc003pdk.2,BC021712,Q9Y4E5,ZN451_HUMAN,ZNF451,NM_001031623,NP_001026794,"Homo sapiens zinc finger protein 451 (ZNF451), transcript variant 1, mRNA.",,
291,MiSeqSFPQc.csv,uc003dhu.3,50803,uc003dhu.3,NM_001012506,A2RUB6,CCD66_HUMAN,CCDC66,NM_001012506,NP_001012524,"Homo sapiens coiled-coil domain containing 66 (CCDC66), transcript variant 2, mRNA.",,
292,MiSeqSFPQc.csv,uc009yrk.3,12289,uc009yrk.3,NM_001198845,B0LM41,B0LM41_HUMAN,RBM14-RBM4,NM_001198845,NP_001185774,"Homo sapiens RBM14-RBM4 readthrough (RBM14-RBM4), transcript variant 1, mRNA.",,
293,MiSeqSFPQc.csv,uc009zat.3,13070,uc009zat.3,NM_001198665,Q9NZN5-2,Q9NZN5-2,ARHGEF12,NM_001198665,NP_001185594,"Homo sapiens Rho guanine nucleotide exchange factor (GEF) 12 (ARHGEF12), transcript variant 2, mRNA.",,
294,MiSeqSFPQc.csv,uc011cna.1,57055,uc011cna.1,AK304786,F5H228,F5H228_HUMAN,TRIO,NM_007118,NP_009049,"Homo sapiens trio Rho guanine nucleotide exchange factor (TRIO), mRNA.",,
295,MiSeqSFPQc.csv,uc002ikc.3,33395,uc002ikc.3,NM_001193466,Q7Z3B3,KANL1_HUMAN,KANSL1,NM_001193466,NP_056258,"Homo sapiens KAT8 regulatory NSL complex subunit 1 (KANSL1), transcript variant 1, mRNA.",,
296,MiSeqSFPQc.csv,uc010bon.3,24912,uc010bon.3,AB463073,C9J5X1,C9J5X1_HUMAN,IGF1R,NM_000875,NP_000866,"Homo sapiens insulin-like growth factor 1 receptor (IGF1R), mRNA.",,
297,MiSeqSFPQc.csv,uc011egl.1,64145,uc011egl.1,NR_026861,H0UI31,H0UI31_HUMAN,LINC00473,NR_026861,,"Homo sapiens long intergenic non-protein coding RNA 473 (LINC00473), transcript variant 2, non-coding RNA.",,
298,MiSeqSFPQc.csv,uc002hno.3,32888,uc002hno.3,NM_198834,Q13085-4,Q13085-4,ACACA,NM_198834,NP_942135,"Homo sapiens acetyl-CoA carboxylase alpha (ACACA), transcript variant 1, mRNA.",,
299,MiSeqSFPQc.csv,uc002iuz.1,31316,uc002iuz.1,NM_138962,Q96DH6,MSI2H_HUMAN,MSI2,NM_138962,NP_620412,"Homo sapiens musashi RNA-binding protein 2 (MSI2), transcript variant 1, mRNA.",,
300,MiSeqSFPQc.csv,uc011bmg.2,51450,uc011bmg.2,NM_001267042,B7Z441,B7Z441_HUMAN,ARMC8,NM_001267042,NP_001253971,"Homo sapiens armadillo repeat containing 8 (ARMC8), transcript variant 5, mRNA.",,
301,MiSeqSFPQc.csv,uc001reh.2,15937,uc001reh.2,NM_000921,Q14432,PDE3A_HUMAN,PDE3A,NM_000921,NP_000912,"Homo sapiens phosphodiesterase 3A, cGMP-inhibited (PDE3A), transcript variant 1, mRNA.",,
302,MiSeqSFPQc.csv,uc009xmb.3,8118,uc009xmb.3,AF465728,Q8ND76-2,Q8ND76-2,CCNY,NM_181698,NP_859049,"Homo sapiens cyclin Y (CCNY), transcript variant 1, mRNA.",,
303,MiSeqSFPQc.csv,uc002rnk.1,40518,uc002rnk.1,AK095284,Q6UWP7-2,Q6UWP7-2,LCLAT1,NM_182551,NP_872357,"Homo sapiens lysocardiolipin acyltransferase 1 (LCLAT1), transcript variant 1, mRNA.",,
304,MiSeqSFPQc.csv,uc010roh.3,12201,uc010roh.3,NR_002819,,,MALAT1,NR_002819,,"Homo sapiens metastasis associated lung adenocarcinoma transcript 1 (non-protein coding) (MALAT1), non-coding RNA.",,
305,MiSeqSFPQc.csv,uc002isr.3,31259,uc002isr.3,NM_006107,O95232,LC7L3_HUMAN,LUC7L3,NM_006107,NP_057508,"Homo sapiens LUC7-like 3 (S. cerevisiae) (LUC7L3), transcript variant 2, mRNA.",,
306,MiSeqSFPQc.csv,uc002lal.1,35194,uc002lal.1,AK090603,,,LINC00669,,,"Homo sapiens long intergenic non-protein coding RNA 669 (LINC00669), non-coding RNA.",,
307,MiSeqSFPQc.csv,uc021qrm.1,13073,uc021qrm.1,BC063117,,,ARHGEF12,NM_001198665,NP_001185594,"Homo sapiens Rho guanine nucleotide exchange factor (GEF) 12 (ARHGEF12), transcript variant 2, mRNA.",,
308,MiSeqSFPQc.csv,uc003xyl.3,73644,uc003xyl.3,NM_030958,Q9H2Y9,SO5A1_HUMAN,SLCO5A1,NM_030958,NP_112220,"Homo sapiens solute carrier organic anion transporter family, member 5A1 (SLCO5A1), transcript variant 1, mRNA.",,
309,MiSeqSFPQc.csv,uc001zev.3,23630,uc001zev.3,NR_038253,,,LOC100288637,NR_038253,,"Homo sapiens OTU domain containing 7A pseudogene (LOC100288637), transcript variant 1, non-coding RNA.",,
310,MiSeqSFPQc.csv,uc001ajf.2,132,uc001ajf.2,AF091071,Q5T091,Q5T091_HUMAN,RER1,,,"Homo sapiens RER1 retention in endoplasmic reticulum 1 homolog (S. cerevisiae) (RER1), mRNA.",,
311,MiSeqSFPQc.csv,uc002hnq.2,32896,uc002hnq.2,AK308905,,,ACACA,,,"Homo sapiens acetyl-CoA carboxylase alpha (ACACA), transcript variant 1, mRNA.",,
312,MiSeqSFPQc.csv,uc002fnd.3,29776,uc002fnd.3,BC025283,,,ANKRD11,,,"Homo sapiens ankyrin repeat domain 11 (ANKRD11), transcript variant 4, non-coding RNA.",,
313,MiSeqSFPQc.csv,uc022bgu.1,74693,uc022bgu.1,BC034022,Q8N3Z6,ZCHC7_HUMAN,ZCCHC7,NM_032226,NP_115602,"Homo sapiens zinc finger, CCHC domain containing 7 (ZCCHC7), mRNA.",,
314,MiSeqSFPQc.csv,uc011dyx.1,63432,uc011dyx.1,BC143617,,,UBE3D,,,"Homo sapiens ubiquitin protein ligase E3D (UBE3D), mRNA.",,
315,MiSeqSFPQc.csv,uc004coa.3,75826,uc004coa.3,NM_001145527,Q9H9B1-4,Q9H9B1-4,EHMT1,NM_001145527,NP_001138999,"Homo sapiens euchromatic histone-lysine N-methyltransferase 1 (EHMT1), transcript variant 2, mRNA.",,
316,MiSeqSFPQc.csv,uc002xum.4,45890,uc002xum.4,NR_036658,,,ZFAS1,NR_036658,,"Homo sapiens ZNFX1 antisense RNA 1 (ZFAS1), transcript variant 4, non-coding RNA.",,
317,MiSeqSFPQc.csv,uc002xuo.3,45891,uc002xuo.3,NR_036659,,,ZFAS1,NR_036659,,"Homo sapiens ZNFX1 antisense RNA 1 (ZFAS1), transcript variant 5, non-coding RNA.",,
318,MiSeqSFPQc.csv,uc003yys.3,74249,uc003yys.3,NM_001960,P29692,EF1D_HUMAN,EEF1D,NM_001960,NP_001951,"Homo sapiens eukaryotic translation elongation factor 1 delta (guanine nucleotide exchange protein) (EEF1D), transcript variant 2, mRNA.",,
319,MiSeqSFPQc.csv,uc021ygi.1,58321,uc021ygi.1,AX747001,Q6PKG0,LARP1_HUMAN,LARP1,NM_015315,NP_056130,"Homo sapiens La ribonucleoprotein domain family, member 1 (LARP1), mRNA.",,
320,MiSeqSFPQc.csv,uc003zzs.1,74696,uc003zzs.1,BC022434,Q8N3Z6-2,Q8N3Z6-2,ZCCHC7,NM_032226,NP_115602,"Homo sapiens zinc finger, CCHC domain containing 7 (ZCCHC7), mRNA.",,
321,MiSeqSFPQc.csv,uc003yyu.3,74253,uc003yyu.3,BC008012,P29692,EF1D_HUMAN,EEF1D,NM_001960,NP_001951,"Homo sapiens eukaryotic translation elongation factor 1 delta (guanine nucleotide exchange protein) (EEF1D), transcript variant 2, mRNA.",,
322,MiSeqSFPQc.csv,uc011kuj.2,71738,uc011kuj.2,AK303637,,,EZH2,,,"Homo sapiens enhancer of zeste homolog 2 (Drosophila) (EZH2), transcript variant 3, mRNA.",,
323,MiSeqSFPQc.csv,uc002shy.3,40847,uc002shy.3,NM_001014972,Q14966,ZN638_HUMAN,ZNF638,NM_001014972,NP_055312,"Homo sapiens zinc finger protein 638 (ZNF638), transcript variant 2, mRNA.",,
324,MiSeqSFPQc.csv,uc001sbh.4,16325,uc001sbh.4,NM_001417,P23588,IF4B_HUMAN,EIF4B,NM_001417,NP_001408,"Homo sapiens eukaryotic translation initiation factor 4B (EIF4B), mRNA.",,
325,MiSeqSFPQc.csv,uc011kuh.2,71735,uc011kuh.2,NM_001203248,Q15910-4,Q15910-4,EZH2,NM_001203248,NP_001190177,"Homo sapiens enhancer of zeste homolog 2 (Drosophila) (EZH2), transcript variant 4, mRNA.",,
326,MiSeqSFPQc.csv,uc003quq.5,64144,uc003quq.5,NR_026860,A8K010,CF176_HUMAN,LINC00473,NR_026860,,"Homo sapiens long intergenic non-protein coding RNA 473 (LINC00473), transcript variant 1, non-coding RNA.",,
327,MiSeqSFPQc.csv,uc003csc.3,52538,uc003csc.3,NM_001134364,P27816-6,P27816-6,MAP4,NM_001134364,NP_001127836,"Homo sapiens microtubule-associated protein 4 (MAP4), transcript variant 4, mRNA.",,
328,MiSeqSFPQc.csv,uc010psf.2,3470,uc010psf.2,AK298549,,,CD55,,,"Homo sapiens CD55 molecule, decay accelerating factor for complement (Cromer blood group) (CD55), transcript variant 1, mRNA.",,
329,MiSeqSFPQc.csv,uc002jfo.1,31491,uc002jfo.1,AB209475,P17252,KPCA_HUMAN,PRKCA,,,"Homo sapiens protein kinase C, alpha (PRKCA), mRNA.",,
330,MiSeqSFPQc.csv,uc021qve.1,17756,uc021qve.1,AB593030,,,PRH1-PRR4,,,"Homo sapiens PRH1-PRR4 readthrough (PRH1-PRR4), non-coding RNA.",,
331,MiSeqSFPQc.csv,uc003ztq.1,76145,uc003ztq.1,NM_018449,Q5T6F2,UBAP2_HUMAN,UBAP2,NM_018449,NP_060919,"Homo sapiens ubiquitin associated protein 2 (UBAP2), mRNA.",,
332,MiSeqSFPQc.csv,uc002yeh.3,47058,uc002yeh.3,NM_017798,Q9BYJ9,YTHD1_HUMAN,YTHDF1,NM_017798,NP_060268,"Homo sapiens YTH domain family, member 1 (YTHDF1), mRNA.",,
333,MiSeqSFPQc.csv,uc003wfb.2,71733,uc003wfb.2,NM_004456,Q15910-2,Q15910-2,EZH2,NM_004456,NP_004447,"Homo sapiens enhancer of zeste homolog 2 (Drosophila) (EZH2), transcript variant 1, mRNA.",,
334,MiSeqSFPQc.csv,uc011lkl.2,74250,uc011lkl.2,NM_001195203,E9PBQ9,E9PBQ9_HUMAN,EEF1D,NM_001195203,NP_001182132,"Homo sapiens eukaryotic translation elongation factor 1 delta (guanine nucleotide exchange protein) (EEF1D), transcript variant 8, mRNA.",,
335,MiSeqSFPQc.csv,uc003ezn.3,51581,uc003ezn.3,NM_207295,Q9NR56-4,Q9NR56-4,MBNL1,NM_207295,NP_997178,"Homo sapiens muscleblind-like splicing regulator 1 (MBNL1), transcript variant 5, mRNA.",,
336,MiSeqSFPQc.csv,uc001ebl.3,2003,uc001ebl.3,NM_002884,P62834,RAP1A_HUMAN,RAP1A,NM_002884,NP_002875,"Homo sapiens RAP1A, member of RAS oncogene family (RAP1A), transcript variant 2, mRNA.",,
337,MiSeqSFPQc.csv,uc003ezl.3,51579,uc003ezl.3,NM_207297,Q9NR56-6,Q9NR56-6,MBNL1,NM_207297,NP_997180,"Homo sapiens muscleblind-like splicing regulator 1 (MBNL1), transcript variant 7, mRNA.",,
338,MiSeqSFPQc.csv,uc031ptb.1,9396,uc031ptb.1,NM_015155,Q92615,LAR4B_HUMAN,LARP4B,NM_015155,NP_055970,"Homo sapiens La ribonucleoprotein domain family, member 4B (LARP4B), mRNA.",,
339,MiSeqSFPQc.csv,uc002kcm.3,34143,uc002kcm.3,NM_032711,O15525,MAFG_HUMAN,MAFG,NM_032711,NP_116100,"Homo sapiens v-maf musculoaponeurotic fibrosarcoma oncogene homolog G (avian) (MAFG), transcript variant 2, mRNA.",,
340,MiSeqSFPQc.csv,uc003wfd.2,71732,uc003wfd.2,NM_001203247,Q15910,EZH2_HUMAN,EZH2,NM_001203247,NP_001190176,"Homo sapiens enhancer of zeste homolog 2 (Drosophila) (EZH2), transcript variant 3, mRNA.",,
341,MiSeqSFPQc.csv,uc004eub.3,78771,uc004eub.3,CR627425,Q8N3U4,STAG2_HUMAN,STAG2,NM_006603,NP_006594,"Homo sapiens stromal antigen 2 (STAG2), transcript variant 4, mRNA.",,
342,MiSeqSFPQc.csv,uc009xcf.3,3471,uc009xcf.3,AX772832,B1AP15,B1AP15_HUMAN,CD55,,,"Homo sapiens CD55 molecule, decay accelerating factor for complement (Cromer blood group) (CD55), transcript variant 1, mRNA.",,
343,MiSeqSFPQc.csv,uc001seu.3,16391,uc001seu.3,NM_014620,P09017,HXC4_HUMAN,HOXC4,NM_014620,NP_705897,"Homo sapiens homeobox C4 (HOXC4), transcript variant 1, mRNA.",,
344,MiSeqSFPQc.csv,uc001pak.2,14864,uc001pak.2,NM_001142699,Q15700-2,Q15700-2,DLG2,NM_001142699,NP_001136171,"Homo sapiens discs, large homolog 2 (Drosophila) (DLG2), transcript variant 1, mRNA.",,
345,MiSeqSFPQc.csv,uc003jff.3,57052,uc003jff.3,NM_007118,O75962,TRIO_HUMAN,TRIO,NM_007118,NP_009049,"Homo sapiens trio Rho guanine nucleotide exchange factor (TRIO), mRNA.",,
346,MiSeqSFPQc.csv,uc010dav.3,33394,uc010dav.3,NM_001193465,Q7Z3B3,KANL1_HUMAN,KANSL1,NM_001193465,NP_001180394,"Homo sapiens KAT8 regulatory NSL complex subunit 1 (KANSL1), transcript variant 3, mRNA.",,
347,MiSeqSFPQc.csv,uc011mpw.2,78386,uc011mpw.2,AK300267,B4DTL6,B4DTL6_HUMAN,OGT,,,"Homo sapiens O-linked N-acetylglucosamine (GlcNAc) transferase (OGT), transcript variant 1, mRNA.",,
348,MiSeqSFPQc.csv,uc009zmp.1,16328,uc009zmp.1,AK310244,,,EIF4B,,,"Homo sapiens eukaryotic translation initiation factor 4B (EIF4B), mRNA.",,
349,MiSeqSFPQc.csv,uc004cam.1,75610,uc004cam.1,BC002872,Q9BU62,Q9BU62_HUMAN,PRRC2B,,,"Homo sapiens proline-rich coiled-coil 2B (PRRC2B), mRNA.",,
350,MiSeqSFPQc.csv,uc002iva.3,31317,uc002iva.3,NM_170721,Q96DH6-2,Q96DH6-2,MSI2,NM_170721,NP_733839,"Homo sapiens musashi RNA-binding protein 2 (MSI2), transcript variant 2, mRNA.",,
351,MiSeqSFPQc.csv,uc001ses.3,16392,uc001ses.3,NM_153693,P09630,HXC6_HUMAN,HOXC6,NM_153693,NP_710160,"Homo sapiens homeobox C6 (HOXC6), transcript variant 2, mRNA.",,
352,MiSeqSFPQc.csv,uc002aec.3,24035,uc002aec.3,NM_207038,Q99081,HTF4_HUMAN,TCF12,NM_207038,NP_996921,"Homo sapiens transcription factor 12 (TCF12), transcript variant 4, mRNA.",,
353,MiSeqSFPQc.csv,uc010rpj.2,12296,uc010rpj.2,NM_001198844,Q9BWF3-4,Q9BWF3-4,RBM4,NM_001198844,NP_001185773,"Homo sapiens RNA binding motif protein 4 (RBM4), transcript variant 3, mRNA.",,
354,MiSeqSFPQc.csv,uc003fix.4,53836,uc003fix.4,NM_024665,Q9BZK7,TBL1R_HUMAN,TBL1XR1,NM_024665,NP_078941,"Homo sapiens transducin (beta)-like 1 X-linked receptor 1 (TBL1XR1), mRNA.",,
355,MiSeqSFPQc.csv,uc002shw.3,40852,uc002shw.3,BC024000,Q14966-2,Q14966-2,ZNF638,NM_001252613,NP_001239542,"Homo sapiens zinc finger protein 638 (ZNF638), transcript variant 4, mRNA.",,
356,MiSeqSFPQc.csv,uc010urq.2,24913,uc010urq.2,EU826611,P08069,IGF1R_HUMAN,IGF1R,NM_000875,NP_000866,"Homo sapiens insulin-like growth factor 1 receptor (IGF1R), mRNA.",,
357,MiSeqSFPQc.csv,uc009vky.3,4137,uc009vky.3,AK122949,P62873,GBB1_HUMAN,GNB1,,,"Homo sapiens guanine nucleotide binding protein (G protein), beta polypeptide 1 (GNB1), mRNA.",,
358,MiSeqSFPQc.csv,uc010rqc.2,12380,uc010rqc.2,AK303315,E9PQP7,E9PQP7_HUMAN,PPP6R3,NM_001164161,NP_001157633,"Homo sapiens protein phosphatase 6, regulatory subunit 3 (PPP6R3), transcript variant 6, mRNA.",,
359,MiSeqSFPQc.csv,uc011ecr.2,61845,uc011ecr.2,AK295798,E7ESD5,E7ESD5_HUMAN,EYA4,NM_172105,NP_742103,"Homo sapiens eyes absent homolog 4 (Drosophila) (EYA4), transcript variant 4, mRNA.",,
360,MiSeqSFPQc.csv,uc009xhq.3,9402,uc009xhq.3,NM_018702,Q9NS39,RED2_HUMAN,ADARB2,NM_018702,NP_061172,"Homo sapiens adenosine deaminase, RNA-specific, B2 (non-functional) (ADARB2), mRNA.",,
361,MiSeqSFPQc.csv,uc002nvg.2,36484,uc002nvg.2,NM_000175,P06744,G6PI_HUMAN,GPI,NM_000175,NP_000166,"Homo sapiens glucose-6-phosphate isomerase (GPI), transcript variant 2, mRNA.",,
362,MiSeqSFPQc.csv,uc010osu.2,5551,uc010osu.2,AK302582,A2PYH4,HFM1_HUMAN,HFM1,,,"Homo sapiens HFM1, ATP-dependent DNA helicase homolog (S. cerevisiae) (HFM1), mRNA.",,
363,MiSeqSFPQc.csv,uc021qvg.1,17757,uc021qvg.1,AB593029,,,PRH1-PRR4,,,"Homo sapiens PRH1-PRR4 readthrough (PRH1-PRR4), non-coding RNA.",,
364,MiSeqSFPQc.csv,uc004ces.3,77357,uc004ces.3,NM_001134398,P52735,VAV2_HUMAN,VAV2,NM_001134398,NP_001127870,"Homo sapiens vav 2 guanine nucleotide exchange factor (VAV2), transcript variant 1, mRNA.",,
365,MiSeqSFPQc.csv,uc010shj.2,17765,uc010shj.2,NM_176888,P59542,T2R19_HUMAN,TAS2R19,NM_176888,NP_795369,"Homo sapiens taste receptor, type 2, member 19 (TAS2R19), mRNA.",,
366,MiSeqSFPQc.csv,uc031rcv.1,31077,uc031rcv.1,JQ790628,A6NM11,L37A2_HUMAN,LRRC37A2,NM_001006607,NP_001006608,"Homo sapiens leucine rich repeat containing 37, member A2 (LRRC37A2), mRNA.",,
367,MiSeqSFPQc.csv,uc011lof.1,76149,uc011lof.1,AK294952,Q5T6F2,UBAP2_HUMAN,UBAP2,,,"Homo sapiens ubiquitin associated protein 2 (UBAP2), mRNA.",,
368,MiSeqSFPQc.csv,uc031rcn.1,31085,uc031rcn.1,JQ790718,A6NM11,L37A2_HUMAN,LRRC37A2,NM_001006607,NP_001006608,"Homo sapiens leucine rich repeat containing 37, member A2 (LRRC37A2), mRNA.",,
369,MiSeqSFPQc.csv,uc010ymq.2,40517,uc010ymq.2,AK302562,Q6UWP7,LCLT1_HUMAN,LCLAT1,NM_001002257,NP_001002257,"Homo sapiens lysocardiolipin acyltransferase 1 (LCLAT1), transcript variant 1, mRNA.",,
370,MiSeqSFPQc.csv,uc031rcl.1,31082,uc031rcl.1,JQ790665,A6NM11,L37A2_HUMAN,LRRC37A2,NM_001006607,NP_001006608,"Homo sapiens leucine rich repeat containing 37, member A2 (LRRC37A2), mRNA.",,
371,MiSeqSFPQc.csv,uc003jeu.2,57046,uc003jeu.2,BC111494,O60337,MARH6_HUMAN,MARCH6,,,"Homo sapiens membrane-associated ring finger (C3HC4) 6, E3 ubiquitin protein ligase (MARCH6), transcript variant 1, mRNA.",,
372,MiSeqSFPQc.csv,uc011lod.1,76148,uc011lod.1,AK303493,A6NCA8,A6NCA8_HUMAN,UBAP2,,,"Homo sapiens ubiquitin associated protein 2 (UBAP2), mRNA.",,
373,MiSeqSFPQc.csv,uc003wwt.3,72021,uc003wwt.3,NM_006765,Q13454,TUSC3_HUMAN,TUSC3,NM_006765,NP_006756,"Homo sapiens tumor suppressor candidate 3 (TUSC3), transcript variant 1, mRNA.",,
374,MiSeqSFPQc.csv,uc003guq.4,54537,uc003guq.4,AK093533,B3KSH4,B3KSH4_HUMAN,UBE2K,NM_005339,NP_005330,"Homo sapiens ubiquitin-conjugating enzyme E2K (UBE2K), transcript variant 1, mRNA.",,
375,MiSeqSFPQc.csv,uc003pel.3,61424,uc003pel.3,NM_003463,Q93096,TP4A1_HUMAN,PTP4A1,NM_003463,NP_003454,"Homo sapiens protein tyrosine phosphatase type IVA, member 1 (PTP4A1), mRNA.",,
376,MiSeqSFPQc.csv,uc021sht.1,23629,uc021sht.1,NR_038254,,,LOC100288637,NR_038254,,"Homo sapiens OTU domain containing 7A pseudogene (LOC100288637), transcript variant 2, non-coding RNA.",,
377,MiSeqSFPQc.csv,uc003gus.4,54535,uc003gus.4,NM_001111112,C9JGP1,C9JGP1_HUMAN,UBE2K,NM_001111112,NP_001104582,"Homo sapiens ubiquitin-conjugating enzyme E2K (UBE2K), transcript variant 2, mRNA.",,
378,MiSeqSFPQc.csv,uc010snv.2,16327,uc010snv.2,AK299526,B4DS13,B4DS13_HUMAN,EIF4B,NM_001417,NP_001408,"Homo sapiens eukaryotic translation initiation factor 4B (EIF4B), mRNA.",,
379,MiSeqSFPQc.csv,uc001iij.3,7805,uc001iij.3,NM_017782,Q5VWN6,F208B_HUMAN,FAM208B,NM_017782,NP_060252,"Homo sapiens family with sequence similarity 208, member B (FAM208B), mRNA.",,
380,MiSeqSFPQc.csv,uc010wnm.1,31318,uc010wnm.1,AK295060,B4DHE8,B4DHE8_HUMAN,MSI2,NM_170721,NP_733839,"Homo sapiens musashi RNA-binding protein 2 (MSI2), transcript variant 1, mRNA.",,
381,MiSeqSFPQc.csv,uc002kkg.1,34350,uc002kkg.1,NM_001037334,J3QRZ5,J3QRZ5_HUMAN,USP14,NM_001037334,NP_001032411,"Homo sapiens ubiquitin specific peptidase 14 (tRNA-guanine transglycosylase) (USP14), transcript variant 2, mRNA.",,
382,MiSeqSFPQc.csv,uc031rcr.1,31073,uc031rcr.1,JQ790703,A6NM11,L37A2_HUMAN,LRRC37A2,,,"Homo sapiens leucine rich repeat containing 37, member A2 (LRRC37A2), mRNA.",,
383,MiSeqSFPQc.csv,uc002nau.4,38512,uc002nau.4,BC030158,O60885-2,O60885-2,BRD4,NM_014299,NP_055114,"Homo sapiens bromodomain containing 4 (BRD4), transcript variant short, mRNA.",,
384,MiSeqSFPQc.csv,uc002wny.3,45312,uc002wny.3,NM_181443,Q9Y2F9,BTBD3_HUMAN,BTBD3,NM_181443,NP_852108,"Homo sapiens BTB (POZ) domain containing 3 (BTBD3), transcript variant 2, mRNA.",,
385,MiSeqSFPQc.csv,uc001xls.2,21484,uc001xls.2,NM_022137,Q9H4F8,SMOC1_HUMAN,SMOC1,NM_022137,NP_071420,"Homo sapiens SPARC related modular calcium binding 1 (SMOC1), transcript variant 2, mRNA.",,
386,MiSeqSFPQc.csv,uc011dtg.2,63015,uc011dtg.2,NR_034069,B4DS61,B4DS61_HUMAN,SRPK1,NR_034069,,"Homo sapiens SRSF protein kinase 1 (SRPK1), transcript variant 2, non-coding RNA.",,
387,MiSeqSFPQc.csv,uc003ezh.3,51576,uc003ezh.3,NM_021038,Q9NR56-5,Q9NR56-5,MBNL1,NM_021038,NP_066368,"Homo sapiens muscleblind-like splicing regulator 1 (MBNL1), transcript variant 1, mRNA.",,
388,MiSeqSFPQc.csv,uc031rcp.1,31087,uc031rcp.1,JQ790669,A6NM11,L37A2_HUMAN,LRRC37A2,,,"Homo sapiens leucine rich repeat containing 37, member A2 (LRRC37A2), mRNA.",,
389,MiSeqSFPQc.csv,uc010cuz.3,32892,uc010cuz.3,AK309084,Q13085,ACACA_HUMAN,ACACA,NM_198834,NP_942131,"Homo sapiens acetyl-CoA carboxylase alpha (ACACA), transcript variant 3, mRNA.",,
390,MiSeqSFPQc.csv,uc003jkk.4,57154,uc003jkk.4,NM_015384,Q6KC79-2,Q6KC79-2,NIPBL,NM_015384,NP_056199,"Homo sapiens Nipped-B homolog (Drosophila) (NIPBL), transcript variant B, mRNA.",,
391,MiSeqSFPQc.csv,uc002xvt.1,46916,uc002xvt.1,NM_015339,Q9H2P0,ADNP_HUMAN,ADNP,NM_015339,NP_852107,"Homo sapiens activity-dependent neuroprotector homeobox (ADNP), transcript variant 1, mRNA.",,
392,MiSeqSFPQc.csv,uc003olj.3,63016,uc003olj.3,NM_003137,Q96SB4,SRPK1_HUMAN,SRPK1,NM_003137,NP_003128,"Homo sapiens SRSF protein kinase 1 (SRPK1), transcript variant 1, mRNA.",,
393,MiSeqSFPQc.csv,uc003tlx.3,68567,uc003tlx.3,BC093076,,,PPIA,,,"Homo sapiens peptidylprolyl isomerase A (cyclophilin A) (PPIA), mRNA.",,
394,MiSeqSFPQc.csv,uc010ifn.3,54538,uc010ifn.3,AK307130,,,UBE2K,,,"Homo sapiens ubiquitin-conjugating enzyme E2K (UBE2K), transcript variant 1, mRNA.",,
395,MiSeqSFPQc.csv,uc003guu.4,54534,uc003guu.4,NM_005339,P61086,UBE2K_HUMAN,UBE2K,NM_005339,NP_005330,"Homo sapiens ubiquitin-conjugating enzyme E2K (UBE2K), transcript variant 1, mRNA.",,
396,MiSeqSFPQc.csv,uc003olh.3,63017,uc003olh.3,BX648697,Q96SB4,SRPK1_HUMAN,SRPK1,NM_003137,NP_003128,"Homo sapiens SRSF protein kinase 1 (SRPK1), transcript variant 1, mRNA.",,
397,MiSeqSFPQc.csv,uc001oiz.2,12299,uc001oiz.2,AK097592,Q9BWF3,RBM4_HUMAN,RBM4,NM_002896,NP_002887,"Homo sapiens RNA binding motif protein 4 (RBM4), transcript variant 1, mRNA.",,
398,MiSeqSFPQc.csv,uc002jfp.1,31490,uc002jfp.1,NM_002737,P17252,KPCA_HUMAN,PRKCA,NM_002737,NP_002728,"Homo sapiens protein kinase C, alpha (PRKCA), mRNA.",,
399,MiSeqSFPQc.csv,uc031rcj.1,31080,uc031rcj.1,JQ790721,A6NM11,L37A2_HUMAN,LRRC37A2,,,"Homo sapiens leucine rich repeat containing 37, member A2 (LRRC37A2), mRNA.",,
400,MiSeqSFPQc.csv,uc003ncz.2,60416,uc003ncz.2,BC114554,O00716,E2F3_HUMAN,E2F3,NM_001949,NP_001940,"Homo sapiens E2F transcription factor 3 (E2F3), transcript variant 1, mRNA.",,
401,MiSeqSFPQc.csv,uc001oix.2,12294,uc001oix.2,NM_001198843,Q9BWF3-3,Q9BWF3-3,RBM4,NM_001198843,NP_001185772,"Homo sapiens RNA binding motif protein 4 (RBM4), transcript variant 2, mRNA.",,
402,MiSeqSFPQc.csv,uc002hdy.4,32715,uc002hdy.4,NM_020772,Q7Z417,NUFP2_HUMAN,NUFIP2,NM_020772,NP_065823,"Homo sapiens nuclear fragile X mental retardation protein interacting protein 2 (NUFIP2), mRNA.",,
403,MiSeqSFPQc.csv,uc010fec.2,40853,uc010fec.2,AK293938,F5H330,F5H330_HUMAN,ZNF638,NM_001252613,NP_001239542,"Homo sapiens zinc finger protein 638 (ZNF638), transcript variant 4, mRNA.",,
404,MiSeqSFPQc.csv,uc001bgs.4,4538,uc001bgs.4,NM_001102397,O43390,HNRPR_HUMAN,HNRNPR,NM_001102397,NP_001095867,"Homo sapiens heterogeneous nuclear ribonucleoprotein R (HNRNPR), transcript variant 4, mRNA.",,
405,MiSeqSFPQc.csv,uc001doc.1,5555,uc001doc.1,BC144198,B7ZM16,B7ZM16_HUMAN,HFM1,NM_001017975,NP_001017975,"Homo sapiens HFM1, ATP-dependent DNA helicase homolog (S. cerevisiae) (HFM1), mRNA.",,
406,MiSeqSFPQc.csv,uc003qed.4,61842,uc003qed.4,NM_172105,O95677-4,O95677-4,EYA4,NM_172105,NP_742103,"Homo sapiens eyes absent homolog 4 (Drosophila) (EYA4), transcript variant 4, mRNA.",,
407,MiSeqSFPQc.csv,uc011laf.2,72172,uc011laf.2,NM_001177591,P63151-2,P63151-2,PPP2R2A,NM_001177591,NP_001171062,"Homo sapiens protein phosphatase 2, regulatory subunit B, alpha (PPP2R2A), transcript variant 2, mRNA.",,
408,MiSeqSFPQc.csv,uc003dhy.3,50802,uc003dhy.3,NR_024460,A2RUB6,CCD66_HUMAN,CCDC66,NR_024460,,"Homo sapiens coiled-coil domain containing 66 (CCDC66), transcript variant 3, non-coding RNA.",,
409,MiSeqSFPQc.csv,uc002xul.4,45888,uc002xul.4,NR_003604,,,ZFAS1,NR_003604,,"Homo sapiens ZNFX1 antisense RNA 1 (ZFAS1), transcript variant 1, non-coding RNA.",,
410,MiSeqSFPQc.csv,uc001ony.4,12376,uc001ony.4,NM_001164163,Q5H9R7-6,Q5H9R7-6,PPP6R3,NM_001164163,NP_001157635,"Homo sapiens protein phosphatase 6, regulatory subunit 3 (PPP6R3), transcript variant 2, mRNA.",,
411,MiSeqSFPQc.csv,uc002hnn.3,32887,uc002hnn.3,NM_198839,Q13085,ACACA_HUMAN,ACACA,NM_198839,NP_942135,"Homo sapiens acetyl-CoA carboxylase alpha (ACACA), transcript variant 2, mRNA.",,
