,Transcript_Annotation,Transcript_Clusters
0,./IonXpress_NONO_c_IonXpress_SFPQt1Transcripts/uc001oyt.3annotations.csv,./IonXpress_NONO_c_IonXpress_SFPQt1Transcripts/uc001oyt.3.csv
1,./IonXpress_NONO_c_IonXpress_SFPQt1Transcripts/uc010cto.3annotations.csv,./IonXpress_NONO_c_IonXpress_SFPQt1Transcripts/uc010cto.3.csv
2,./IonXpress_NONO_c_IonXpress_SFPQt1Transcripts/uc010mlt.3annotations.csv,./IonXpress_NONO_c_IonXpress_SFPQt1Transcripts/uc010mlt.3.csv
3,./IonXpress_NONO_c_IonXpress_SFPQt1Transcripts/uc010pwa.1annotations.csv,./IonXpress_NONO_c_IonXpress_SFPQt1Transcripts/uc010pwa.1.csv
4,./IonXpress_NONO_c_IonXpress_SFPQt1Transcripts/uc001jol.1annotations.csv,./IonXpress_NONO_c_IonXpress_SFPQt1Transcripts/uc001jol.1.csv
5,./IonXpress_NONO_c_IonXpress_SFPQt1Transcripts/uc002gqc.3annotations.csv,./IonXpress_NONO_c_IonXpress_SFPQt1Transcripts/uc002gqc.3.csv
6,./IonXpress_NONO_c_IonXpress_SFPQt1Transcripts/uc010rog.2annotations.csv,./IonXpress_NONO_c_IonXpress_SFPQt1Transcripts/uc010rog.2.csv
7,./IonXpress_NONO_c_IonXpress_SFPQt1Transcripts/uc010vwg.2annotations.csv,./IonXpress_NONO_c_IonXpress_SFPQt1Transcripts/uc010vwg.2.csv
8,./IonXpress_NONO_c_IonXpress_SFPQt1Transcripts/uc022bqs.1annotations.csv,./IonXpress_NONO_c_IonXpress_SFPQt1Transcripts/uc022bqs.1.csv
9,./IonXpress_NONO_c_IonXpress_SFPQt1Transcripts/uc009xpx.1annotations.csv,./IonXpress_NONO_c_IonXpress_SFPQt1Transcripts/uc009xpx.1.csv
10,./IonXpress_NONO_c_IonXpress_SFPQt1Transcripts/uc011cmn.2annotations.csv,./IonXpress_NONO_c_IonXpress_SFPQt1Transcripts/uc011cmn.2.csv
11,./IonXpress_NONO_c_IonXpress_SFPQt1Transcripts/uc001pkm.3annotations.csv,./IonXpress_NONO_c_IonXpress_SFPQt1Transcripts/uc001pkm.3.csv
12,./IonXpress_NONO_c_IonXpress_SFPQt1Transcripts/uc010ujq.2annotations.csv,./IonXpress_NONO_c_IonXpress_SFPQt1Transcripts/uc010ujq.2.csv
13,./IonXpress_NONO_c_IonXpress_SFPQt1Transcripts/uc021ujw.1annotations.csv,./IonXpress_NONO_c_IonXpress_SFPQt1Transcripts/uc021ujw.1.csv
14,./IonXpress_NONO_c_IonXpress_SFPQt1Transcripts/uc003gut.4annotations.csv,./IonXpress_NONO_c_IonXpress_SFPQt1Transcripts/uc003gut.4.csv
15,./IonXpress_NONO_c_IonXpress_SFPQt1Transcripts/uc001jon.1annotations.csv,./IonXpress_NONO_c_IonXpress_SFPQt1Transcripts/uc001jon.1.csv
16,./IonXpress_NONO_c_IonXpress_SFPQt1Transcripts/uc021trb.1annotations.csv,./IonXpress_NONO_c_IonXpress_SFPQt1Transcripts/uc021trb.1.csv
17,./IonXpress_NONO_c_IonXpress_SFPQt1Transcripts/uc002lds.1annotations.csv,./IonXpress_NONO_c_IonXpress_SFPQt1Transcripts/uc002lds.1.csv
18,./IonXpress_NONO_c_IonXpress_SFPQt1Transcripts/uc002vbj.3annotations.csv,./IonXpress_NONO_c_IonXpress_SFPQt1Transcripts/uc002vbj.3.csv
19,./IonXpress_NONO_c_IonXpress_SFPQt1Transcripts/uc002hjc.3annotations.csv,./IonXpress_NONO_c_IonXpress_SFPQt1Transcripts/uc002hjc.3.csv
20,./IonXpress_NONO_c_IonXpress_SFPQt1Transcripts/uc021qdx.1annotations.csv,./IonXpress_NONO_c_IonXpress_SFPQt1Transcripts/uc021qdx.1.csv
21,./IonXpress_NONO_c_IonXpress_SFPQt1Transcripts/uc002tng.1annotations.csv,./IonXpress_NONO_c_IonXpress_SFPQt1Transcripts/uc002tng.1.csv
22,./IonXpress_NONO_c_IonXpress_SFPQt1Transcripts/uc002tzv.3annotations.csv,./IonXpress_NONO_c_IonXpress_SFPQt1Transcripts/uc002tzv.3.csv
23,./IonXpress_NONO_c_IonXpress_SFPQt1Transcripts/uc003zpe.2annotations.csv,./IonXpress_NONO_c_IonXpress_SFPQt1Transcripts/uc003zpe.2.csv
24,./IonXpress_NONO_c_IonXpress_SFPQt1Transcripts/uc010meo.3annotations.csv,./IonXpress_NONO_c_IonXpress_SFPQt1Transcripts/uc010meo.3.csv
25,./IonXpress_NONO_c_IonXpress_SFPQt1Transcripts/uc002jto.3annotations.csv,./IonXpress_NONO_c_IonXpress_SFPQt1Transcripts/uc002jto.3.csv
26,./IonXpress_NONO_c_IonXpress_SFPQt1Transcripts/uc001nvs.3annotations.csv,./IonXpress_NONO_c_IonXpress_SFPQt1Transcripts/uc001nvs.3.csv
27,./IonXpress_NONO_c_IonXpress_SFPQt1Transcripts/uc001tqk.4annotations.csv,./IonXpress_NONO_c_IonXpress_SFPQt1Transcripts/uc001tqk.4.csv
28,./IonXpress_NONO_c_IonXpress_SFPQt1Transcripts/uc003iha.3annotations.csv,./IonXpress_NONO_c_IonXpress_SFPQt1Transcripts/uc003iha.3.csv
29,./IonXpress_NONO_c_IonXpress_SFPQt1Transcripts/uc011lfa.2annotations.csv,./IonXpress_NONO_c_IonXpress_SFPQt1Transcripts/uc011lfa.2.csv
30,./IonXpress_NONO_c_IonXpress_SFPQt1Transcripts/uc003hiy.3annotations.csv,./IonXpress_NONO_c_IonXpress_SFPQt1Transcripts/uc003hiy.3.csv
31,./IonXpress_NONO_c_IonXpress_SFPQt1Transcripts/uc004cde.1annotations.csv,./IonXpress_NONO_c_IonXpress_SFPQt1Transcripts/uc004cde.1.csv
32,./IonXpress_NONO_c_IonXpress_SFPQt1Transcripts/uc001oyr.1annotations.csv,./IonXpress_NONO_c_IonXpress_SFPQt1Transcripts/uc001oyr.1.csv
33,./IonXpress_NONO_c_IonXpress_SFPQt1Transcripts/uc001vbf.4annotations.csv,./IonXpress_NONO_c_IonXpress_SFPQt1Transcripts/uc001vbf.4.csv
34,./IonXpress_NONO_c_IonXpress_SFPQt1Transcripts/uc031slc.1annotations.csv,./IonXpress_NONO_c_IonXpress_SFPQt1Transcripts/uc031slc.1.csv
35,./IonXpress_NONO_c_IonXpress_SFPQt1Transcripts/uc003bxf.4annotations.csv,./IonXpress_NONO_c_IonXpress_SFPQt1Transcripts/uc003bxf.4.csv
36,./IonXpress_NONO_c_IonXpress_SFPQt1Transcripts/uc011byq.2annotations.csv,./IonXpress_NONO_c_IonXpress_SFPQt1Transcripts/uc011byq.2.csv
37,./IonXpress_NONO_c_IonXpress_SFPQt1Transcripts/uc003dff.3annotations.csv,./IonXpress_NONO_c_IonXpress_SFPQt1Transcripts/uc003dff.3.csv
38,./IonXpress_NONO_c_IonXpress_SFPQt1Transcripts/uc010xrw.2annotations.csv,./IonXpress_NONO_c_IonXpress_SFPQt1Transcripts/uc010xrw.2.csv
39,./IonXpress_NONO_c_IonXpress_SFPQt1Transcripts/uc010vwl.1annotations.csv,./IonXpress_NONO_c_IonXpress_SFPQt1Transcripts/uc010vwl.1.csv
40,./IonXpress_NONO_c_IonXpress_SFPQt1Transcripts/uc001eim.4annotations.csv,./IonXpress_NONO_c_IonXpress_SFPQt1Transcripts/uc001eim.4.csv
41,./IonXpress_NONO_c_IonXpress_SFPQt1Transcripts/uc001emn.4annotations.csv,./IonXpress_NONO_c_IonXpress_SFPQt1Transcripts/uc001emn.4.csv
42,./IonXpress_NONO_c_IonXpress_SFPQt1Transcripts/uc001tql.4annotations.csv,./IonXpress_NONO_c_IonXpress_SFPQt1Transcripts/uc001tql.4.csv
43,./IonXpress_NONO_c_IonXpress_SFPQt1Transcripts/uc001jop.1annotations.csv,./IonXpress_NONO_c_IonXpress_SFPQt1Transcripts/uc001jop.1.csv
44,./IonXpress_NONO_c_IonXpress_SFPQt1Transcripts/uc002yjl.3annotations.csv,./IonXpress_NONO_c_IonXpress_SFPQt1Transcripts/uc002yjl.3.csv
45,./IonXpress_NONO_c_IonXpress_SFPQt1Transcripts/uc010jfa.3annotations.csv,./IonXpress_NONO_c_IonXpress_SFPQt1Transcripts/uc010jfa.3.csv
46,./IonXpress_NONO_c_IonXpress_SFPQt1Transcripts/uc001eil.3annotations.csv,./IonXpress_NONO_c_IonXpress_SFPQt1Transcripts/uc001eil.3.csv
47,./IonXpress_NONO_c_IonXpress_SFPQt1Transcripts/uc010xrv.2annotations.csv,./IonXpress_NONO_c_IonXpress_SFPQt1Transcripts/uc010xrv.2.csv
48,./IonXpress_NONO_c_IonXpress_SFPQt1Transcripts/uc001emm.4annotations.csv,./IonXpress_NONO_c_IonXpress_SFPQt1Transcripts/uc001emm.4.csv
49,./IonXpress_NONO_c_IonXpress_SFPQt1Transcripts/uc021yto.1annotations.csv,./IonXpress_NONO_c_IonXpress_SFPQt1Transcripts/uc021yto.1.csv
50,./IonXpress_NONO_c_IonXpress_SFPQt1Transcripts/uc003kyp.2annotations.csv,./IonXpress_NONO_c_IonXpress_SFPQt1Transcripts/uc003kyp.2.csv
51,./IonXpress_NONO_c_IonXpress_SFPQt1Transcripts/uc003fqu.3annotations.csv,./IonXpress_NONO_c_IonXpress_SFPQt1Transcripts/uc003fqu.3.csv
52,./IonXpress_NONO_c_IonXpress_SFPQt1Transcripts/uc003axj.3annotations.csv,./IonXpress_NONO_c_IonXpress_SFPQt1Transcripts/uc003axj.3.csv
53,./IonXpress_NONO_c_IonXpress_SFPQt1Transcripts/uc003quq.5annotations.csv,./IonXpress_NONO_c_IonXpress_SFPQt1Transcripts/uc003quq.5.csv
54,./IonXpress_NONO_c_IonXpress_SFPQt1Transcripts/uc002nvf.3annotations.csv,./IonXpress_NONO_c_IonXpress_SFPQt1Transcripts/uc002nvf.3.csv
55,./IonXpress_NONO_c_IonXpress_SFPQt1Transcripts/uc021ott.2annotations.csv,./IonXpress_NONO_c_IonXpress_SFPQt1Transcripts/uc021ott.2.csv
56,./IonXpress_NONO_c_IonXpress_SFPQt1Transcripts/uc021tqv.1annotations.csv,./IonXpress_NONO_c_IonXpress_SFPQt1Transcripts/uc021tqv.1.csv
57,./IonXpress_NONO_c_IonXpress_SFPQt1Transcripts/uc010yyz.2annotations.csv,./IonXpress_NONO_c_IonXpress_SFPQt1Transcripts/uc010yyz.2.csv
58,./IonXpress_NONO_c_IonXpress_SFPQt1Transcripts/uc009wwm.1annotations.csv,./IonXpress_NONO_c_IonXpress_SFPQt1Transcripts/uc009wwm.1.csv
59,./IonXpress_NONO_c_IonXpress_SFPQt1Transcripts/uc003axi.3annotations.csv,./IonXpress_NONO_c_IonXpress_SFPQt1Transcripts/uc003axi.3.csv
60,./IonXpress_NONO_c_IonXpress_SFPQt1Transcripts/uc001vbh.4annotations.csv,./IonXpress_NONO_c_IonXpress_SFPQt1Transcripts/uc001vbh.4.csv
61,./IonXpress_NONO_c_IonXpress_SFPQt1Transcripts/uc003qdy.1annotations.csv,./IonXpress_NONO_c_IonXpress_SFPQt1Transcripts/uc003qdy.1.csv
62,./IonXpress_NONO_c_IonXpress_SFPQt1Transcripts/uc010qja.1annotations.csv,./IonXpress_NONO_c_IonXpress_SFPQt1Transcripts/uc010qja.1.csv
63,./IonXpress_NONO_c_IonXpress_SFPQt1Transcripts/uc021qxn.1annotations.csv,./IonXpress_NONO_c_IonXpress_SFPQt1Transcripts/uc021qxn.1.csv
64,./IonXpress_NONO_c_IonXpress_SFPQt1Transcripts/uc003vfr.3annotations.csv,./IonXpress_NONO_c_IonXpress_SFPQt1Transcripts/uc003vfr.3.csv
65,./IonXpress_NONO_c_IonXpress_SFPQt1Transcripts/uc002ryd.3annotations.csv,./IonXpress_NONO_c_IonXpress_SFPQt1Transcripts/uc002ryd.3.csv
66,./IonXpress_NONO_c_IonXpress_SFPQt1Transcripts/uc002apv.3annotations.csv,./IonXpress_NONO_c_IonXpress_SFPQt1Transcripts/uc002apv.3.csv
67,./IonXpress_NONO_c_IonXpress_SFPQt1Transcripts/uc001oyp.3annotations.csv,./IonXpress_NONO_c_IonXpress_SFPQt1Transcripts/uc001oyp.3.csv
68,./IonXpress_NONO_c_IonXpress_SFPQt1Transcripts/uc021ujy.1annotations.csv,./IonXpress_NONO_c_IonXpress_SFPQt1Transcripts/uc021ujy.1.csv
69,./IonXpress_NONO_c_IonXpress_SFPQt1Transcripts/uc011cyw.2annotations.csv,./IonXpress_NONO_c_IonXpress_SFPQt1Transcripts/uc011cyw.2.csv
70,./IonXpress_NONO_c_IonXpress_SFPQt1Transcripts/uc002gkh.4annotations.csv,./IonXpress_NONO_c_IonXpress_SFPQt1Transcripts/uc002gkh.4.csv
71,./IonXpress_NONO_c_IonXpress_SFPQt1Transcripts/uc010acn.3annotations.csv,./IonXpress_NONO_c_IonXpress_SFPQt1Transcripts/uc010acn.3.csv
72,./IonXpress_NONO_c_IonXpress_SFPQt1Transcripts/uc009yok.1annotations.csv,./IonXpress_NONO_c_IonXpress_SFPQt1Transcripts/uc009yok.1.csv
73,./IonXpress_NONO_c_IonXpress_SFPQt1Transcripts/uc010nak.3annotations.csv,./IonXpress_NONO_c_IonXpress_SFPQt1Transcripts/uc010nak.3.csv
74,./IonXpress_NONO_c_IonXpress_SFPQt1Transcripts/uc003fqw.3annotations.csv,./IonXpress_NONO_c_IonXpress_SFPQt1Transcripts/uc003fqw.3.csv
75,./IonXpress_NONO_c_IonXpress_SFPQt1Transcripts/uc010cpd.3annotations.csv,./IonXpress_NONO_c_IonXpress_SFPQt1Transcripts/uc010cpd.3.csv
76,./IonXpress_NONO_c_IonXpress_SFPQt1Transcripts/uc010yyy.2annotations.csv,./IonXpress_NONO_c_IonXpress_SFPQt1Transcripts/uc010yyy.2.csv
77,./IonXpress_NONO_c_IonXpress_SFPQt1Transcripts/uc003ldg.3annotations.csv,./IonXpress_NONO_c_IonXpress_SFPQt1Transcripts/uc003ldg.3.csv
78,./IonXpress_NONO_c_IonXpress_SFPQt1Transcripts/uc004cov.5annotations.csv,./IonXpress_NONO_c_IonXpress_SFPQt1Transcripts/uc004cov.5.csv
79,./IonXpress_NONO_c_IonXpress_SFPQt1Transcripts/uc021olh.1annotations.csv,./IonXpress_NONO_c_IonXpress_SFPQt1Transcripts/uc021olh.1.csv
80,./IonXpress_NONO_c_IonXpress_SFPQt1Transcripts/uc009wbt.2annotations.csv,./IonXpress_NONO_c_IonXpress_SFPQt1Transcripts/uc009wbt.2.csv
81,./IonXpress_NONO_c_IonXpress_SFPQt1Transcripts/uc002vrw.1annotations.csv,./IonXpress_NONO_c_IonXpress_SFPQt1Transcripts/uc002vrw.1.csv
82,./IonXpress_NONO_c_IonXpress_SFPQt1Transcripts/uc003kyq.2annotations.csv,./IonXpress_NONO_c_IonXpress_SFPQt1Transcripts/uc003kyq.2.csv
83,./IonXpress_NONO_c_IonXpress_SFPQt1Transcripts/uc002gqf.1annotations.csv,./IonXpress_NONO_c_IonXpress_SFPQt1Transcripts/uc002gqf.1.csv
84,./IonXpress_NONO_c_IonXpress_SFPQt1Transcripts/uc003ple.2annotations.csv,./IonXpress_NONO_c_IonXpress_SFPQt1Transcripts/uc003ple.2.csv
85,./IonXpress_NONO_c_IonXpress_SFPQt1Transcripts/uc009wwk.1annotations.csv,./IonXpress_NONO_c_IonXpress_SFPQt1Transcripts/uc009wwk.1.csv
86,./IonXpress_NONO_c_IonXpress_SFPQt1Transcripts/uc002tzu.3annotations.csv,./IonXpress_NONO_c_IonXpress_SFPQt1Transcripts/uc002tzu.3.csv
87,./IonXpress_NONO_c_IonXpress_SFPQt1Transcripts/uc022bgu.1annotations.csv,./IonXpress_NONO_c_IonXpress_SFPQt1Transcripts/uc022bgu.1.csv
88,./IonXpress_NONO_c_IonXpress_SFPQt1Transcripts/uc002apx.3annotations.csv,./IonXpress_NONO_c_IonXpress_SFPQt1Transcripts/uc002apx.3.csv
89,./IonXpress_NONO_c_IonXpress_SFPQt1Transcripts/uc002hja.3annotations.csv,./IonXpress_NONO_c_IonXpress_SFPQt1Transcripts/uc002hja.3.csv
90,./IonXpress_NONO_c_IonXpress_SFPQt1Transcripts/uc001pdz.3annotations.csv,./IonXpress_NONO_c_IonXpress_SFPQt1Transcripts/uc001pdz.3.csv
91,./IonXpress_NONO_c_IonXpress_SFPQt1Transcripts/uc001joo.3annotations.csv,./IonXpress_NONO_c_IonXpress_SFPQt1Transcripts/uc001joo.3.csv
92,./IonXpress_NONO_c_IonXpress_SFPQt1Transcripts/uc011bpz.2annotations.csv,./IonXpress_NONO_c_IonXpress_SFPQt1Transcripts/uc011bpz.2.csv
93,./IonXpress_NONO_c_IonXpress_SFPQt1Transcripts/uc021ohf.2annotations.csv,./IonXpress_NONO_c_IonXpress_SFPQt1Transcripts/uc021ohf.2.csv
94,./IonXpress_NONO_c_IonXpress_SFPQt1Transcripts/uc010pvy.1annotations.csv,./IonXpress_NONO_c_IonXpress_SFPQt1Transcripts/uc010pvy.1.csv
95,./IonXpress_NONO_c_IonXpress_SFPQt1Transcripts/uc001byq.3annotations.csv,./IonXpress_NONO_c_IonXpress_SFPQt1Transcripts/uc001byq.3.csv
96,./IonXpress_NONO_c_IonXpress_SFPQt1Transcripts/uc021szx.1annotations.csv,./IonXpress_NONO_c_IonXpress_SFPQt1Transcripts/uc021szx.1.csv
97,./IonXpress_NONO_c_IonXpress_SFPQt1Transcripts/uc021ots.1annotations.csv,./IonXpress_NONO_c_IonXpress_SFPQt1Transcripts/uc021ots.1.csv
98,./IonXpress_NONO_c_IonXpress_SFPQt1Transcripts/uc021ujt.1annotations.csv,./IonXpress_NONO_c_IonXpress_SFPQt1Transcripts/uc021ujt.1.csv
99,./IonXpress_NONO_c_IonXpress_SFPQt1Transcripts/uc003kfi.1annotations.csv,./IonXpress_NONO_c_IonXpress_SFPQt1Transcripts/uc003kfi.1.csv
100,./IonXpress_NONO_c_IonXpress_SFPQt1Transcripts/uc001nvr.3annotations.csv,./IonXpress_NONO_c_IonXpress_SFPQt1Transcripts/uc001nvr.3.csv
101,./IonXpress_NONO_c_IonXpress_SFPQt1Transcripts/uc002gkg.4annotations.csv,./IonXpress_NONO_c_IonXpress_SFPQt1Transcripts/uc002gkg.4.csv
102,./IonXpress_NONO_c_IonXpress_SFPQt1Transcripts/uc010wth.2annotations.csv,./IonXpress_NONO_c_IonXpress_SFPQt1Transcripts/uc010wth.2.csv
103,./IonXpress_NONO_c_IonXpress_SFPQt1Transcripts/uc010ena.1annotations.csv,./IonXpress_NONO_c_IonXpress_SFPQt1Transcripts/uc010ena.1.csv
104,./IonXpress_NONO_c_IonXpress_SFPQt1Transcripts/uc002pnz.4annotations.csv,./IonXpress_NONO_c_IonXpress_SFPQt1Transcripts/uc002pnz.4.csv
105,./IonXpress_NONO_c_IonXpress_SFPQt1Transcripts/uc001byp.3annotations.csv,./IonXpress_NONO_c_IonXpress_SFPQt1Transcripts/uc001byp.3.csv
106,./IonXpress_NONO_c_IonXpress_SFPQt1Transcripts/uc003qed.4annotations.csv,./IonXpress_NONO_c_IonXpress_SFPQt1Transcripts/uc003qed.4.csv
107,./IonXpress_NONO_c_IonXpress_SFPQt1Transcripts/uc021yjw.1annotations.csv,./IonXpress_NONO_c_IonXpress_SFPQt1Transcripts/uc021yjw.1.csv
108,./IonXpress_NONO_c_IonXpress_SFPQt1Transcripts/uc031tds.1annotations.csv,./IonXpress_NONO_c_IonXpress_SFPQt1Transcripts/uc031tds.1.csv
109,./IonXpress_NONO_c_IonXpress_SFPQt1Transcripts/uc001odz.3annotations.csv,./IonXpress_NONO_c_IonXpress_SFPQt1Transcripts/uc001odz.3.csv
110,./IonXpress_NONO_c_IonXpress_SFPQt1Transcripts/uc021viy.1annotations.csv,./IonXpress_NONO_c_IonXpress_SFPQt1Transcripts/uc021viy.1.csv
111,./IonXpress_NONO_c_IonXpress_SFPQt1Transcripts/uc002vru.3annotations.csv,./IonXpress_NONO_c_IonXpress_SFPQt1Transcripts/uc002vru.3.csv
112,./IonXpress_NONO_c_IonXpress_SFPQt1Transcripts/uc002gqa.4annotations.csv,./IonXpress_NONO_c_IonXpress_SFPQt1Transcripts/uc002gqa.4.csv
113,./IonXpress_NONO_c_IonXpress_SFPQt1Transcripts/uc002xun.4annotations.csv,./IonXpress_NONO_c_IonXpress_SFPQt1Transcripts/uc002xun.4.csv
114,./IonXpress_NONO_c_IonXpress_SFPQt1Transcripts/uc001cml.3annotations.csv,./IonXpress_NONO_c_IonXpress_SFPQt1Transcripts/uc001cml.3.csv
115,./IonXpress_NONO_c_IonXpress_SFPQt1Transcripts/uc001rtl.3annotations.csv,./IonXpress_NONO_c_IonXpress_SFPQt1Transcripts/uc001rtl.3.csv
116,./IonXpress_NONO_c_IonXpress_SFPQt1Transcripts/uc021ujx.1annotations.csv,./IonXpress_NONO_c_IonXpress_SFPQt1Transcripts/uc021ujx.1.csv
117,./IonXpress_NONO_c_IonXpress_SFPQt1Transcripts/uc003fix.4annotations.csv,./IonXpress_NONO_c_IonXpress_SFPQt1Transcripts/uc003fix.4.csv
118,./IonXpress_NONO_c_IonXpress_SFPQt1Transcripts/uc004ebq.1annotations.csv,./IonXpress_NONO_c_IonXpress_SFPQt1Transcripts/uc004ebq.1.csv
119,./IonXpress_NONO_c_IonXpress_SFPQt1Transcripts/uc010oyh.1annotations.csv,./IonXpress_NONO_c_IonXpress_SFPQt1Transcripts/uc010oyh.1.csv
120,./IonXpress_NONO_c_IonXpress_SFPQt1Transcripts/uc002xum.4annotations.csv,./IonXpress_NONO_c_IonXpress_SFPQt1Transcripts/uc002xum.4.csv
121,./IonXpress_NONO_c_IonXpress_SFPQt1Transcripts/uc010vwj.2annotations.csv,./IonXpress_NONO_c_IonXpress_SFPQt1Transcripts/uc010vwj.2.csv
122,./IonXpress_NONO_c_IonXpress_SFPQt1Transcripts/uc022bqt.1annotations.csv,./IonXpress_NONO_c_IonXpress_SFPQt1Transcripts/uc022bqt.1.csv
123,./IonXpress_NONO_c_IonXpress_SFPQt1Transcripts/uc031pob.1annotations.csv,./IonXpress_NONO_c_IonXpress_SFPQt1Transcripts/uc031pob.1.csv
124,./IonXpress_NONO_c_IonXpress_SFPQt1Transcripts/uc003fiy.2annotations.csv,./IonXpress_NONO_c_IonXpress_SFPQt1Transcripts/uc003fiy.2.csv
125,./IonXpress_NONO_c_IonXpress_SFPQt1Transcripts/uc010aco.1annotations.csv,./IonXpress_NONO_c_IonXpress_SFPQt1Transcripts/uc010aco.1.csv
126,./IonXpress_NONO_c_IonXpress_SFPQt1Transcripts/uc003ldu.3annotations.csv,./IonXpress_NONO_c_IonXpress_SFPQt1Transcripts/uc003ldu.3.csv
127,./IonXpress_NONO_c_IonXpress_SFPQt1Transcripts/uc021ttu.1annotations.csv,./IonXpress_NONO_c_IonXpress_SFPQt1Transcripts/uc021ttu.1.csv
128,./IonXpress_NONO_c_IonXpress_SFPQt1Transcripts/uc010vgi.1annotations.csv,./IonXpress_NONO_c_IonXpress_SFPQt1Transcripts/uc010vgi.1.csv
129,./IonXpress_NONO_c_IonXpress_SFPQt1Transcripts/uc003zzq.3annotations.csv,./IonXpress_NONO_c_IonXpress_SFPQt1Transcripts/uc003zzq.3.csv
130,./IonXpress_NONO_c_IonXpress_SFPQt1Transcripts/uc021tqw.1annotations.csv,./IonXpress_NONO_c_IonXpress_SFPQt1Transcripts/uc021tqw.1.csv
131,./IonXpress_NONO_c_IonXpress_SFPQt1Transcripts/uc003dfd.3annotations.csv,./IonXpress_NONO_c_IonXpress_SFPQt1Transcripts/uc003dfd.3.csv
132,./IonXpress_NONO_c_IonXpress_SFPQt1Transcripts/uc011ecr.2annotations.csv,./IonXpress_NONO_c_IonXpress_SFPQt1Transcripts/uc011ecr.2.csv
133,./IonXpress_NONO_c_IonXpress_SFPQt1Transcripts/uc004coq.4annotations.csv,./IonXpress_NONO_c_IonXpress_SFPQt1Transcripts/uc004coq.4.csv
134,./IonXpress_NONO_c_IonXpress_SFPQt1Transcripts/uc009xhq.3annotations.csv,./IonXpress_NONO_c_IonXpress_SFPQt1Transcripts/uc009xhq.3.csv
135,./IonXpress_NONO_c_IonXpress_SFPQt1Transcripts/uc021zic.1annotations.csv,./IonXpress_NONO_c_IonXpress_SFPQt1Transcripts/uc021zic.1.csv
136,./IonXpress_NONO_c_IonXpress_SFPQt1Transcripts/uc003dfe.3annotations.csv,./IonXpress_NONO_c_IonXpress_SFPQt1Transcripts/uc003dfe.3.csv
137,./IonXpress_NONO_c_IonXpress_SFPQt1Transcripts/uc004cos.5annotations.csv,./IonXpress_NONO_c_IonXpress_SFPQt1Transcripts/uc004cos.5.csv
138,./IonXpress_NONO_c_IonXpress_SFPQt1Transcripts/uc002ldm.2annotations.csv,./IonXpress_NONO_c_IonXpress_SFPQt1Transcripts/uc002ldm.2.csv
139,./IonXpress_NONO_c_IonXpress_SFPQt1Transcripts/uc010vwm.1annotations.csv,./IonXpress_NONO_c_IonXpress_SFPQt1Transcripts/uc010vwm.1.csv
140,./IonXpress_NONO_c_IonXpress_SFPQt1Transcripts/uc003dnc.3annotations.csv,./IonXpress_NONO_c_IonXpress_SFPQt1Transcripts/uc003dnc.3.csv
141,./IonXpress_NONO_c_IonXpress_SFPQt1Transcripts/uc010jfb.3annotations.csv,./IonXpress_NONO_c_IonXpress_SFPQt1Transcripts/uc010jfb.3.csv
142,./IonXpress_NONO_c_IonXpress_SFPQt1Transcripts/uc003ysa.2annotations.csv,./IonXpress_NONO_c_IonXpress_SFPQt1Transcripts/uc003ysa.2.csv
143,./IonXpress_NONO_c_IonXpress_SFPQt1Transcripts/uc021ouk.1annotations.csv,./IonXpress_NONO_c_IonXpress_SFPQt1Transcripts/uc021ouk.1.csv
144,./IonXpress_NONO_c_IonXpress_SFPQt1Transcripts/uc010osu.2annotations.csv,./IonXpress_NONO_c_IonXpress_SFPQt1Transcripts/uc010osu.2.csv
145,./IonXpress_NONO_c_IonXpress_SFPQt1Transcripts/uc010vwh.2annotations.csv,./IonXpress_NONO_c_IonXpress_SFPQt1Transcripts/uc010vwh.2.csv
146,./IonXpress_NONO_c_IonXpress_SFPQt1Transcripts/uc010smg.1annotations.csv,./IonXpress_NONO_c_IonXpress_SFPQt1Transcripts/uc010smg.1.csv
147,./IonXpress_NONO_c_IonXpress_SFPQt1Transcripts/uc002vbf.1annotations.csv,./IonXpress_NONO_c_IonXpress_SFPQt1Transcripts/uc002vbf.1.csv
148,./IonXpress_NONO_c_IonXpress_SFPQt1Transcripts/uc009yoj.1annotations.csv,./IonXpress_NONO_c_IonXpress_SFPQt1Transcripts/uc009yoj.1.csv
149,./IonXpress_NONO_c_IonXpress_SFPQt1Transcripts/uc011lqh.2annotations.csv,./IonXpress_NONO_c_IonXpress_SFPQt1Transcripts/uc011lqh.2.csv
150,./IonXpress_NONO_c_IonXpress_SFPQt1Transcripts/uc002xup.1annotations.csv,./IonXpress_NONO_c_IonXpress_SFPQt1Transcripts/uc002xup.1.csv
151,./IonXpress_NONO_c_IonXpress_SFPQt1Transcripts/uc002eeu.4annotations.csv,./IonXpress_NONO_c_IonXpress_SFPQt1Transcripts/uc002eeu.4.csv
152,./IonXpress_NONO_c_IonXpress_SFPQt1Transcripts/uc021rdt.1annotations.csv,./IonXpress_NONO_c_IonXpress_SFPQt1Transcripts/uc021rdt.1.csv
153,./IonXpress_NONO_c_IonXpress_SFPQt1Transcripts/uc010nlq.1annotations.csv,./IonXpress_NONO_c_IonXpress_SFPQt1Transcripts/uc010nlq.1.csv
154,./IonXpress_NONO_c_IonXpress_SFPQt1Transcripts/uc009wbv.1annotations.csv,./IonXpress_NONO_c_IonXpress_SFPQt1Transcripts/uc009wbv.1.csv
155,./IonXpress_NONO_c_IonXpress_SFPQt1Transcripts/uc002xuj.3annotations.csv,./IonXpress_NONO_c_IonXpress_SFPQt1Transcripts/uc002xuj.3.csv
156,./IonXpress_NONO_c_IonXpress_SFPQt1Transcripts/uc003qdx.3annotations.csv,./IonXpress_NONO_c_IonXpress_SFPQt1Transcripts/uc003qdx.3.csv
157,./IonXpress_NONO_c_IonXpress_SFPQt1Transcripts/uc001pec.3annotations.csv,./IonXpress_NONO_c_IonXpress_SFPQt1Transcripts/uc001pec.3.csv
158,./IonXpress_NONO_c_IonXpress_SFPQt1Transcripts/uc009wwi.1annotations.csv,./IonXpress_NONO_c_IonXpress_SFPQt1Transcripts/uc009wwi.1.csv
159,./IonXpress_NONO_c_IonXpress_SFPQt1Transcripts/uc011ecs.2annotations.csv,./IonXpress_NONO_c_IonXpress_SFPQt1Transcripts/uc011ecs.2.csv
160,./IonXpress_NONO_c_IonXpress_SFPQt1Transcripts/uc010ghz.3annotations.csv,./IonXpress_NONO_c_IonXpress_SFPQt1Transcripts/uc010ghz.3.csv
161,./IonXpress_NONO_c_IonXpress_SFPQt1Transcripts/uc002ryf.3annotations.csv,./IonXpress_NONO_c_IonXpress_SFPQt1Transcripts/uc002ryf.3.csv
162,./IonXpress_NONO_c_IonXpress_SFPQt1Transcripts/uc004cow.2annotations.csv,./IonXpress_NONO_c_IonXpress_SFPQt1Transcripts/uc004cow.2.csv
163,./IonXpress_NONO_c_IonXpress_SFPQt1Transcripts/uc010bht.3annotations.csv,./IonXpress_NONO_c_IonXpress_SFPQt1Transcripts/uc010bht.3.csv
164,./IonXpress_NONO_c_IonXpress_SFPQt1Transcripts/uc010cpe.2annotations.csv,./IonXpress_NONO_c_IonXpress_SFPQt1Transcripts/uc010cpe.2.csv
165,./IonXpress_NONO_c_IonXpress_SFPQt1Transcripts/uc001eik.3annotations.csv,./IonXpress_NONO_c_IonXpress_SFPQt1Transcripts/uc001eik.3.csv
166,./IonXpress_NONO_c_IonXpress_SFPQt1Transcripts/uc001jom.1annotations.csv,./IonXpress_NONO_c_IonXpress_SFPQt1Transcripts/uc001jom.1.csv
167,./IonXpress_NONO_c_IonXpress_SFPQt1Transcripts/uc009wwj.1annotations.csv,./IonXpress_NONO_c_IonXpress_SFPQt1Transcripts/uc009wwj.1.csv
168,./IonXpress_NONO_c_IonXpress_SFPQt1Transcripts/uc002gki.4annotations.csv,./IonXpress_NONO_c_IonXpress_SFPQt1Transcripts/uc002gki.4.csv
169,./IonXpress_NONO_c_IonXpress_SFPQt1Transcripts/uc003vfq.2annotations.csv,./IonXpress_NONO_c_IonXpress_SFPQt1Transcripts/uc003vfq.2.csv
170,./IonXpress_NONO_c_IonXpress_SFPQt1Transcripts/uc021udv.1annotations.csv,./IonXpress_NONO_c_IonXpress_SFPQt1Transcripts/uc021udv.1.csv
171,./IonXpress_NONO_c_IonXpress_SFPQt1Transcripts/uc001gjn.1annotations.csv,./IonXpress_NONO_c_IonXpress_SFPQt1Transcripts/uc001gjn.1.csv
172,./IonXpress_NONO_c_IonXpress_SFPQt1Transcripts/uc010pvz.1annotations.csv,./IonXpress_NONO_c_IonXpress_SFPQt1Transcripts/uc010pvz.1.csv
173,./IonXpress_NONO_c_IonXpress_SFPQt1Transcripts/uc003yvn.3annotations.csv,./IonXpress_NONO_c_IonXpress_SFPQt1Transcripts/uc003yvn.3.csv
174,./IonXpress_NONO_c_IonXpress_SFPQt1Transcripts/uc009wbu.1annotations.csv,./IonXpress_NONO_c_IonXpress_SFPQt1Transcripts/uc009wbu.1.csv
175,./IonXpress_NONO_c_IonXpress_SFPQt1Transcripts/uc010ljr.2annotations.csv,./IonXpress_NONO_c_IonXpress_SFPQt1Transcripts/uc010ljr.2.csv
176,./IonXpress_NONO_c_IonXpress_SFPQt1Transcripts/uc021szy.1annotations.csv,./IonXpress_NONO_c_IonXpress_SFPQt1Transcripts/uc021szy.1.csv
177,./IonXpress_NONO_c_IonXpress_SFPQt1Transcripts/uc003ldf.3annotations.csv,./IonXpress_NONO_c_IonXpress_SFPQt1Transcripts/uc003ldf.3.csv
178,./IonXpress_NONO_c_IonXpress_SFPQt1Transcripts/uc001gjl.2annotations.csv,./IonXpress_NONO_c_IonXpress_SFPQt1Transcripts/uc001gjl.2.csv
179,./IonXpress_NONO_c_IonXpress_SFPQt1Transcripts/uc002pny.4annotations.csv,./IonXpress_NONO_c_IonXpress_SFPQt1Transcripts/uc002pny.4.csv
180,./IonXpress_NONO_c_IonXpress_SFPQt1Transcripts/uc003fiw.4annotations.csv,./IonXpress_NONO_c_IonXpress_SFPQt1Transcripts/uc003fiw.4.csv
181,./IonXpress_NONO_c_IonXpress_SFPQt1Transcripts/uc002gkj.4annotations.csv,./IonXpress_NONO_c_IonXpress_SFPQt1Transcripts/uc002gkj.4.csv
182,./IonXpress_NONO_c_IonXpress_SFPQt1Transcripts/uc003jdx.1annotations.csv,./IonXpress_NONO_c_IonXpress_SFPQt1Transcripts/uc003jdx.1.csv
183,./IonXpress_NONO_c_IonXpress_SFPQt1Transcripts/uc010ftq.1annotations.csv,./IonXpress_NONO_c_IonXpress_SFPQt1Transcripts/uc010ftq.1.csv
184,./IonXpress_NONO_c_IonXpress_SFPQt1Transcripts/uc009ywe.3annotations.csv,./IonXpress_NONO_c_IonXpress_SFPQt1Transcripts/uc009ywe.3.csv
185,./IonXpress_NONO_c_IonXpress_SFPQt1Transcripts/uc010hyu.1annotations.csv,./IonXpress_NONO_c_IonXpress_SFPQt1Transcripts/uc010hyu.1.csv
186,./IonXpress_NONO_c_IonXpress_SFPQt1Transcripts/uc010acm.3annotations.csv,./IonXpress_NONO_c_IonXpress_SFPQt1Transcripts/uc010acm.3.csv
187,./IonXpress_NONO_c_IonXpress_SFPQt1Transcripts/uc003lds.3annotations.csv,./IonXpress_NONO_c_IonXpress_SFPQt1Transcripts/uc003lds.3.csv
188,./IonXpress_NONO_c_IonXpress_SFPQt1Transcripts/uc001bys.3annotations.csv,./IonXpress_NONO_c_IonXpress_SFPQt1Transcripts/uc001bys.3.csv
189,./IonXpress_NONO_c_IonXpress_SFPQt1Transcripts/uc010tif.2annotations.csv,./IonXpress_NONO_c_IonXpress_SFPQt1Transcripts/uc010tif.2.csv
190,./IonXpress_NONO_c_IonXpress_SFPQt1Transcripts/uc002ryg.3annotations.csv,./IonXpress_NONO_c_IonXpress_SFPQt1Transcripts/uc002ryg.3.csv
191,./IonXpress_NONO_c_IonXpress_SFPQt1Transcripts/uc003xyk.3annotations.csv,./IonXpress_NONO_c_IonXpress_SFPQt1Transcripts/uc003xyk.3.csv
192,./IonXpress_NONO_c_IonXpress_SFPQt1Transcripts/uc021ujv.1annotations.csv,./IonXpress_NONO_c_IonXpress_SFPQt1Transcripts/uc021ujv.1.csv
193,./IonXpress_NONO_c_IonXpress_SFPQt1Transcripts/uc002tzw.3annotations.csv,./IonXpress_NONO_c_IonXpress_SFPQt1Transcripts/uc002tzw.3.csv
194,./IonXpress_NONO_c_IonXpress_SFPQt1Transcripts/uc001bzf.2annotations.csv,./IonXpress_NONO_c_IonXpress_SFPQt1Transcripts/uc001bzf.2.csv
195,./IonXpress_NONO_c_IonXpress_SFPQt1Transcripts/uc021pmg.1annotations.csv,./IonXpress_NONO_c_IonXpress_SFPQt1Transcripts/uc021pmg.1.csv
196,./IonXpress_NONO_c_IonXpress_SFPQt1Transcripts/uc001cmi.3annotations.csv,./IonXpress_NONO_c_IonXpress_SFPQt1Transcripts/uc001cmi.3.csv
197,./IonXpress_NONO_c_IonXpress_SFPQt1Transcripts/uc001doa.4annotations.csv,./IonXpress_NONO_c_IonXpress_SFPQt1Transcripts/uc001doa.4.csv
198,./IonXpress_NONO_c_IonXpress_SFPQt1Transcripts/uc010ohz.2annotations.csv,./IonXpress_NONO_c_IonXpress_SFPQt1Transcripts/uc010ohz.2.csv
199,./IonXpress_NONO_c_IonXpress_SFPQt1Transcripts/uc002nvg.2annotations.csv,./IonXpress_NONO_c_IonXpress_SFPQt1Transcripts/uc002nvg.2.csv
200,./IonXpress_NONO_c_IonXpress_SFPQt1Transcripts/uc001bzd.2annotations.csv,./IonXpress_NONO_c_IonXpress_SFPQt1Transcripts/uc001bzd.2.csv
201,./IonXpress_NONO_c_IonXpress_SFPQt1Transcripts/uc002xuo.3annotations.csv,./IonXpress_NONO_c_IonXpress_SFPQt1Transcripts/uc002xuo.3.csv
202,./IonXpress_NONO_c_IonXpress_SFPQt1Transcripts/uc002tzt.1annotations.csv,./IonXpress_NONO_c_IonXpress_SFPQt1Transcripts/uc002tzt.1.csv
203,./IonXpress_NONO_c_IonXpress_SFPQt1Transcripts/uc001pak.2annotations.csv,./IonXpress_NONO_c_IonXpress_SFPQt1Transcripts/uc001pak.2.csv
204,./IonXpress_NONO_c_IonXpress_SFPQt1Transcripts/uc001vbe.4annotations.csv,./IonXpress_NONO_c_IonXpress_SFPQt1Transcripts/uc001vbe.4.csv
205,./IonXpress_NONO_c_IonXpress_SFPQt1Transcripts/uc010ifn.3annotations.csv,./IonXpress_NONO_c_IonXpress_SFPQt1Transcripts/uc010ifn.3.csv
206,./IonXpress_NONO_c_IonXpress_SFPQt1Transcripts/uc003pld.4annotations.csv,./IonXpress_NONO_c_IonXpress_SFPQt1Transcripts/uc003pld.4.csv
207,./IonXpress_NONO_c_IonXpress_SFPQt1Transcripts/uc021ujz.1annotations.csv,./IonXpress_NONO_c_IonXpress_SFPQt1Transcripts/uc021ujz.1.csv
208,./IonXpress_NONO_c_IonXpress_SFPQt1Transcripts/uc021why.1annotations.csv,./IonXpress_NONO_c_IonXpress_SFPQt1Transcripts/uc021why.1.csv
209,./IonXpress_NONO_c_IonXpress_SFPQt1Transcripts/uc003guq.4annotations.csv,./IonXpress_NONO_c_IonXpress_SFPQt1Transcripts/uc003guq.4.csv
210,./IonXpress_NONO_c_IonXpress_SFPQt1Transcripts/uc002ylm.4annotations.csv,./IonXpress_NONO_c_IonXpress_SFPQt1Transcripts/uc002ylm.4.csv
211,./IonXpress_NONO_c_IonXpress_SFPQt1Transcripts/uc010vwk.2annotations.csv,./IonXpress_NONO_c_IonXpress_SFPQt1Transcripts/uc010vwk.2.csv
212,./IonXpress_NONO_c_IonXpress_SFPQt1Transcripts/uc002uaa.3annotations.csv,./IonXpress_NONO_c_IonXpress_SFPQt1Transcripts/uc002uaa.3.csv
213,./IonXpress_NONO_c_IonXpress_SFPQt1Transcripts/uc010oye.3annotations.csv,./IonXpress_NONO_c_IonXpress_SFPQt1Transcripts/uc010oye.3.csv
214,./IonXpress_NONO_c_IonXpress_SFPQt1Transcripts/uc001dgy.2annotations.csv,./IonXpress_NONO_c_IonXpress_SFPQt1Transcripts/uc001dgy.2.csv
215,./IonXpress_NONO_c_IonXpress_SFPQt1Transcripts/uc003ldt.3annotations.csv,./IonXpress_NONO_c_IonXpress_SFPQt1Transcripts/uc003ldt.3.csv
216,./IonXpress_NONO_c_IonXpress_SFPQt1Transcripts/uc001gjj.3annotations.csv,./IonXpress_NONO_c_IonXpress_SFPQt1Transcripts/uc001gjj.3.csv
217,./IonXpress_NONO_c_IonXpress_SFPQt1Transcripts/uc001hyl.1annotations.csv,./IonXpress_NONO_c_IonXpress_SFPQt1Transcripts/uc001hyl.1.csv
218,./IonXpress_NONO_c_IonXpress_SFPQt1Transcripts/uc001dgz.2annotations.csv,./IonXpress_NONO_c_IonXpress_SFPQt1Transcripts/uc001dgz.2.csv
219,./IonXpress_NONO_c_IonXpress_SFPQt1Transcripts/uc011auu.2annotations.csv,./IonXpress_NONO_c_IonXpress_SFPQt1Transcripts/uc011auu.2.csv
220,./IonXpress_NONO_c_IonXpress_SFPQt1Transcripts/uc010osv.1annotations.csv,./IonXpress_NONO_c_IonXpress_SFPQt1Transcripts/uc010osv.1.csv
221,./IonXpress_NONO_c_IonXpress_SFPQt1Transcripts/uc010vwi.2annotations.csv,./IonXpress_NONO_c_IonXpress_SFPQt1Transcripts/uc010vwi.2.csv
222,./IonXpress_NONO_c_IonXpress_SFPQt1Transcripts/uc003gus.4annotations.csv,./IonXpress_NONO_c_IonXpress_SFPQt1Transcripts/uc003gus.4.csv
223,./IonXpress_NONO_c_IonXpress_SFPQt1Transcripts/uc003kyr.2annotations.csv,./IonXpress_NONO_c_IonXpress_SFPQt1Transcripts/uc003kyr.2.csv
224,./IonXpress_NONO_c_IonXpress_SFPQt1Transcripts/uc002vbg.1annotations.csv,./IonXpress_NONO_c_IonXpress_SFPQt1Transcripts/uc002vbg.1.csv
225,./IonXpress_NONO_c_IonXpress_SFPQt1Transcripts/uc021tqz.1annotations.csv,./IonXpress_NONO_c_IonXpress_SFPQt1Transcripts/uc021tqz.1.csv
226,./IonXpress_NONO_c_IonXpress_SFPQt1Transcripts/uc010men.3annotations.csv,./IonXpress_NONO_c_IonXpress_SFPQt1Transcripts/uc010men.3.csv
227,./IonXpress_NONO_c_IonXpress_SFPQt1Transcripts/uc009wwn.1annotations.csv,./IonXpress_NONO_c_IonXpress_SFPQt1Transcripts/uc009wwn.1.csv
228,./IonXpress_NONO_c_IonXpress_SFPQt1Transcripts/uc010yzd.1annotations.csv,./IonXpress_NONO_c_IonXpress_SFPQt1Transcripts/uc010yzd.1.csv
229,./IonXpress_NONO_c_IonXpress_SFPQt1Transcripts/uc010vwo.1annotations.csv,./IonXpress_NONO_c_IonXpress_SFPQt1Transcripts/uc010vwo.1.csv
230,./IonXpress_NONO_c_IonXpress_SFPQt1Transcripts/uc031tgb.1annotations.csv,./IonXpress_NONO_c_IonXpress_SFPQt1Transcripts/uc031tgb.1.csv
231,./IonXpress_NONO_c_IonXpress_SFPQt1Transcripts/uc010tfz.2annotations.csv,./IonXpress_NONO_c_IonXpress_SFPQt1Transcripts/uc010tfz.2.csv
232,./IonXpress_NONO_c_IonXpress_SFPQt1Transcripts/uc003qec.4annotations.csv,./IonXpress_NONO_c_IonXpress_SFPQt1Transcripts/uc003qec.4.csv
233,./IonXpress_NONO_c_IonXpress_SFPQt1Transcripts/uc011ecq.2annotations.csv,./IonXpress_NONO_c_IonXpress_SFPQt1Transcripts/uc011ecq.2.csv
234,./IonXpress_NONO_c_IonXpress_SFPQt1Transcripts/uc010lzb.3annotations.csv,./IonXpress_NONO_c_IonXpress_SFPQt1Transcripts/uc010lzb.3.csv
235,./IonXpress_NONO_c_IonXpress_SFPQt1Transcripts/uc002uzb.3annotations.csv,./IonXpress_NONO_c_IonXpress_SFPQt1Transcripts/uc002uzb.3.csv
236,./IonXpress_NONO_c_IonXpress_SFPQt1Transcripts/uc003axh.3annotations.csv,./IonXpress_NONO_c_IonXpress_SFPQt1Transcripts/uc003axh.3.csv
237,./IonXpress_NONO_c_IonXpress_SFPQt1Transcripts/uc021tqx.1annotations.csv,./IonXpress_NONO_c_IonXpress_SFPQt1Transcripts/uc021tqx.1.csv
238,./IonXpress_NONO_c_IonXpress_SFPQt1Transcripts/uc002ldq.3annotations.csv,./IonXpress_NONO_c_IonXpress_SFPQt1Transcripts/uc002ldq.3.csv
239,./IonXpress_NONO_c_IonXpress_SFPQt1Transcripts/uc002hci.3annotations.csv,./IonXpress_NONO_c_IonXpress_SFPQt1Transcripts/uc002hci.3.csv
240,./IonXpress_NONO_c_IonXpress_SFPQt1Transcripts/uc031pnx.1annotations.csv,./IonXpress_NONO_c_IonXpress_SFPQt1Transcripts/uc031pnx.1.csv
241,./IonXpress_NONO_c_IonXpress_SFPQt1Transcripts/uc001nvt.3annotations.csv,./IonXpress_NONO_c_IonXpress_SFPQt1Transcripts/uc001nvt.3.csv
242,./IonXpress_NONO_c_IonXpress_SFPQt1Transcripts/uc001rtm.3annotations.csv,./IonXpress_NONO_c_IonXpress_SFPQt1Transcripts/uc001rtm.3.csv
243,./IonXpress_NONO_c_IonXpress_SFPQt1Transcripts/uc002uzd.1annotations.csv,./IonXpress_NONO_c_IonXpress_SFPQt1Transcripts/uc002uzd.1.csv
244,./IonXpress_NONO_c_IonXpress_SFPQt1Transcripts/uc002rye.3annotations.csv,./IonXpress_NONO_c_IonXpress_SFPQt1Transcripts/uc002rye.3.csv
245,./IonXpress_NONO_c_IonXpress_SFPQt1Transcripts/uc009voy.1annotations.csv,./IonXpress_NONO_c_IonXpress_SFPQt1Transcripts/uc009voy.1.csv
246,./IonXpress_NONO_c_IonXpress_SFPQt1Transcripts/uc021udx.1annotations.csv,./IonXpress_NONO_c_IonXpress_SFPQt1Transcripts/uc021udx.1.csv
247,./IonXpress_NONO_c_IonXpress_SFPQt1Transcripts/uc021udw.1annotations.csv,./IonXpress_NONO_c_IonXpress_SFPQt1Transcripts/uc021udw.1.csv
248,./IonXpress_NONO_c_IonXpress_SFPQt1Transcripts/uc002cov.1annotations.csv,./IonXpress_NONO_c_IonXpress_SFPQt1Transcripts/uc002cov.1.csv
249,./IonXpress_NONO_c_IonXpress_SFPQt1Transcripts/uc003ldv.1annotations.csv,./IonXpress_NONO_c_IonXpress_SFPQt1Transcripts/uc003ldv.1.csv
250,./IonXpress_NONO_c_IonXpress_SFPQt1Transcripts/uc031rlt.1annotations.csv,./IonXpress_NONO_c_IonXpress_SFPQt1Transcripts/uc031rlt.1.csv
251,./IonXpress_NONO_c_IonXpress_SFPQt1Transcripts/uc002ldp.3annotations.csv,./IonXpress_NONO_c_IonXpress_SFPQt1Transcripts/uc002ldp.3.csv
252,./IonXpress_NONO_c_IonXpress_SFPQt1Transcripts/uc010vwp.1annotations.csv,./IonXpress_NONO_c_IonXpress_SFPQt1Transcripts/uc010vwp.1.csv
253,./IonXpress_NONO_c_IonXpress_SFPQt1Transcripts/uc003qee.4annotations.csv,./IonXpress_NONO_c_IonXpress_SFPQt1Transcripts/uc003qee.4.csv
254,./IonXpress_NONO_c_IonXpress_SFPQt1Transcripts/uc010vwn.1annotations.csv,./IonXpress_NONO_c_IonXpress_SFPQt1Transcripts/uc010vwn.1.csv
255,./IonXpress_NONO_c_IonXpress_SFPQt1Transcripts/uc003guu.4annotations.csv,./IonXpress_NONO_c_IonXpress_SFPQt1Transcripts/uc003guu.4.csv
256,./IonXpress_NONO_c_IonXpress_SFPQt1Transcripts/uc003hiz.1annotations.csv,./IonXpress_NONO_c_IonXpress_SFPQt1Transcripts/uc003hiz.1.csv
257,./IonXpress_NONO_c_IonXpress_SFPQt1Transcripts/uc002yhf.3annotations.csv,./IonXpress_NONO_c_IonXpress_SFPQt1Transcripts/uc002yhf.3.csv
258,./IonXpress_NONO_c_IonXpress_SFPQt1Transcripts/uc002tzx.3annotations.csv,./IonXpress_NONO_c_IonXpress_SFPQt1Transcripts/uc002tzx.3.csv
259,./IonXpress_NONO_c_IonXpress_SFPQt1Transcripts/uc001pkl.1annotations.csv,./IonXpress_NONO_c_IonXpress_SFPQt1Transcripts/uc001pkl.1.csv
260,./IonXpress_NONO_c_IonXpress_SFPQt1Transcripts/uc002tnc.3annotations.csv,./IonXpress_NONO_c_IonXpress_SFPQt1Transcripts/uc002tnc.3.csv
261,./IonXpress_NONO_c_IonXpress_SFPQt1Transcripts/uc009ywf.1annotations.csv,./IonXpress_NONO_c_IonXpress_SFPQt1Transcripts/uc009ywf.1.csv
262,./IonXpress_NONO_c_IonXpress_SFPQt1Transcripts/uc021trc.1annotations.csv,./IonXpress_NONO_c_IonXpress_SFPQt1Transcripts/uc021trc.1.csv
263,./IonXpress_NONO_c_IonXpress_SFPQt1Transcripts/uc002tzy.1annotations.csv,./IonXpress_NONO_c_IonXpress_SFPQt1Transcripts/uc002tzy.1.csv
264,./IonXpress_NONO_c_IonXpress_SFPQt1Transcripts/uc010drg.3annotations.csv,./IonXpress_NONO_c_IonXpress_SFPQt1Transcripts/uc010drg.3.csv
265,./IonXpress_NONO_c_IonXpress_SFPQt1Transcripts/uc003ldr.3annotations.csv,./IonXpress_NONO_c_IonXpress_SFPQt1Transcripts/uc003ldr.3.csv
266,./IonXpress_NONO_c_IonXpress_SFPQt1Transcripts/uc003hix.3annotations.csv,./IonXpress_NONO_c_IonXpress_SFPQt1Transcripts/uc003hix.3.csv
267,./IonXpress_NONO_c_IonXpress_SFPQt1Transcripts/uc003umx.1annotations.csv,./IonXpress_NONO_c_IonXpress_SFPQt1Transcripts/uc003umx.1.csv
268,./IonXpress_NONO_c_IonXpress_SFPQt1Transcripts/uc002tzz.1annotations.csv,./IonXpress_NONO_c_IonXpress_SFPQt1Transcripts/uc002tzz.1.csv
269,./IonXpress_NONO_c_IonXpress_SFPQt1Transcripts/uc010qiz.1annotations.csv,./IonXpress_NONO_c_IonXpress_SFPQt1Transcripts/uc010qiz.1.csv
270,./IonXpress_NONO_c_IonXpress_SFPQt1Transcripts/uc001oys.3annotations.csv,./IonXpress_NONO_c_IonXpress_SFPQt1Transcripts/uc001oys.3.csv
271,./IonXpress_NONO_c_IonXpress_SFPQt1Transcripts/uc003jcy.3annotations.csv,./IonXpress_NONO_c_IonXpress_SFPQt1Transcripts/uc003jcy.3.csv
272,./IonXpress_NONO_c_IonXpress_SFPQt1Transcripts/uc010acl.3annotations.csv,./IonXpress_NONO_c_IonXpress_SFPQt1Transcripts/uc010acl.3.csv
273,./IonXpress_NONO_c_IonXpress_SFPQt1Transcripts/uc002ldt.2annotations.csv,./IonXpress_NONO_c_IonXpress_SFPQt1Transcripts/uc002ldt.2.csv
274,./IonXpress_NONO_c_IonXpress_SFPQt1Transcripts/uc003plb.4annotations.csv,./IonXpress_NONO_c_IonXpress_SFPQt1Transcripts/uc003plb.4.csv
275,./IonXpress_NONO_c_IonXpress_SFPQt1Transcripts/uc010gia.1annotations.csv,./IonXpress_NONO_c_IonXpress_SFPQt1Transcripts/uc010gia.1.csv
276,./IonXpress_NONO_c_IonXpress_SFPQt1Transcripts/uc010hml.1annotations.csv,./IonXpress_NONO_c_IonXpress_SFPQt1Transcripts/uc010hml.1.csv
277,./IonXpress_NONO_c_IonXpress_SFPQt1Transcripts/uc010xdg.2annotations.csv,./IonXpress_NONO_c_IonXpress_SFPQt1Transcripts/uc010xdg.2.csv
278,./IonXpress_NONO_c_IonXpress_SFPQt1Transcripts/uc004dbl.3annotations.csv,./IonXpress_NONO_c_IonXpress_SFPQt1Transcripts/uc004dbl.3.csv
279,./IonXpress_NONO_c_IonXpress_SFPQt1Transcripts/uc001emo.2annotations.csv,./IonXpress_NONO_c_IonXpress_SFPQt1Transcripts/uc001emo.2.csv
280,./IonXpress_NONO_c_IonXpress_SFPQt1Transcripts/uc003kfh.1annotations.csv,./IonXpress_NONO_c_IonXpress_SFPQt1Transcripts/uc003kfh.1.csv
281,./IonXpress_NONO_c_IonXpress_SFPQt1Transcripts/uc021vnl.1annotations.csv,./IonXpress_NONO_c_IonXpress_SFPQt1Transcripts/uc021vnl.1.csv
282,./IonXpress_NONO_c_IonXpress_SFPQt1Transcripts/uc010qjb.2annotations.csv,./IonXpress_NONO_c_IonXpress_SFPQt1Transcripts/uc010qjb.2.csv
283,./IonXpress_NONO_c_IonXpress_SFPQt1Transcripts/uc001doc.1annotations.csv,./IonXpress_NONO_c_IonXpress_SFPQt1Transcripts/uc001doc.1.csv
284,./IonXpress_NONO_c_IonXpress_SFPQt1Transcripts/uc010yza.2annotations.csv,./IonXpress_NONO_c_IonXpress_SFPQt1Transcripts/uc010yza.2.csv
285,./IonXpress_NONO_c_IonXpress_SFPQt1Transcripts/uc001uva.3annotations.csv,./IonXpress_NONO_c_IonXpress_SFPQt1Transcripts/uc001uva.3.csv
286,./IonXpress_NONO_c_IonXpress_SFPQt1Transcripts/uc021viz.1annotations.csv,./IonXpress_NONO_c_IonXpress_SFPQt1Transcripts/uc021viz.1.csv
287,./IonXpress_NONO_c_IonXpress_SFPQt1Transcripts/uc011egl.1annotations.csv,./IonXpress_NONO_c_IonXpress_SFPQt1Transcripts/uc011egl.1.csv
288,./IonXpress_NONO_c_IonXpress_SFPQt1Transcripts/uc021ynm.1annotations.csv,./IonXpress_NONO_c_IonXpress_SFPQt1Transcripts/uc021ynm.1.csv
289,./IonXpress_NONO_c_IonXpress_SFPQt1Transcripts/uc021tra.1annotations.csv,./IonXpress_NONO_c_IonXpress_SFPQt1Transcripts/uc021tra.1.csv
290,./IonXpress_NONO_c_IonXpress_SFPQt1Transcripts/uc002yjk.3annotations.csv,./IonXpress_NONO_c_IonXpress_SFPQt1Transcripts/uc002yjk.3.csv
291,./IonXpress_NONO_c_IonXpress_SFPQt1Transcripts/uc001gjk.3annotations.csv,./IonXpress_NONO_c_IonXpress_SFPQt1Transcripts/uc001gjk.3.csv
292,./IonXpress_NONO_c_IonXpress_SFPQt1Transcripts/uc021osy.1annotations.csv,./IonXpress_NONO_c_IonXpress_SFPQt1Transcripts/uc021osy.1.csv
293,./IonXpress_NONO_c_IonXpress_SFPQt1Transcripts/uc003zzs.1annotations.csv,./IonXpress_NONO_c_IonXpress_SFPQt1Transcripts/uc003zzs.1.csv
294,./IonXpress_NONO_c_IonXpress_SFPQt1Transcripts/uc001vbi.4annotations.csv,./IonXpress_NONO_c_IonXpress_SFPQt1Transcripts/uc001vbi.4.csv
295,./IonXpress_NONO_c_IonXpress_SFPQt1Transcripts/uc002eev.4annotations.csv,./IonXpress_NONO_c_IonXpress_SFPQt1Transcripts/uc002eev.4.csv
296,./IonXpress_NONO_c_IonXpress_SFPQt1Transcripts/uc009yoi.2annotations.csv,./IonXpress_NONO_c_IonXpress_SFPQt1Transcripts/uc009yoi.2.csv
297,./IonXpress_NONO_c_IonXpress_SFPQt1Transcripts/uc002xul.4annotations.csv,./IonXpress_NONO_c_IonXpress_SFPQt1Transcripts/uc002xul.4.csv
298,./IonXpress_NONO_c_IonXpress_SFPQt1Transcripts/uc001reh.2annotations.csv,./IonXpress_NONO_c_IonXpress_SFPQt1Transcripts/uc001reh.2.csv
299,./IonXpress_NONO_c_IonXpress_SFPQt1Transcripts/uc003qup.1annotations.csv,./IonXpress_NONO_c_IonXpress_SFPQt1Transcripts/uc003qup.1.csv
300,./IonXpress_NONO_c_IonXpress_SFPQt1Transcripts/uc004cor.1annotations.csv,./IonXpress_NONO_c_IonXpress_SFPQt1Transcripts/uc004cor.1.csv
301,./IonXpress_NONO_c_IonXpress_SFPQt1Transcripts/uc002hcm.1annotations.csv,./IonXpress_NONO_c_IonXpress_SFPQt1Transcripts/uc002hcm.1.csv
302,./IonXpress_NONO_c_IonXpress_SFPQt1Transcripts/uc010roh.3annotations.csv,./IonXpress_NONO_c_IonXpress_SFPQt1Transcripts/uc010roh.3.csv
303,./IonXpress_NONO_c_IonXpress_SFPQt1Transcripts/uc021omv.1annotations.csv,./IonXpress_NONO_c_IonXpress_SFPQt1Transcripts/uc021omv.1.csv
304,./IonXpress_NONO_c_IonXpress_SFPQt1Transcripts/uc002ttj.3annotations.csv,./IonXpress_NONO_c_IonXpress_SFPQt1Transcripts/uc002ttj.3.csv
305,./IonXpress_NONO_c_IonXpress_SFPQt1Transcripts/uc010dhc.3annotations.csv,./IonXpress_NONO_c_IonXpress_SFPQt1Transcripts/uc010dhc.3.csv
306,./IonXpress_NONO_c_IonXpress_SFPQt1Transcripts/uc022bqo.2annotations.csv,./IonXpress_NONO_c_IonXpress_SFPQt1Transcripts/uc022bqo.2.csv
307,./IonXpress_NONO_c_IonXpress_SFPQt1Transcripts/uc010yzc.2annotations.csv,./IonXpress_NONO_c_IonXpress_SFPQt1Transcripts/uc010yzc.2.csv
308,./IonXpress_NONO_c_IonXpress_SFPQt1Transcripts/uc003fqv.3annotations.csv,./IonXpress_NONO_c_IonXpress_SFPQt1Transcripts/uc003fqv.3.csv
309,./IonXpress_NONO_c_IonXpress_SFPQt1Transcripts/uc002jtm.3annotations.csv,./IonXpress_NONO_c_IonXpress_SFPQt1Transcripts/uc002jtm.3.csv
310,./IonXpress_NONO_c_IonXpress_SFPQt1Transcripts/uc001nvu.3annotations.csv,./IonXpress_NONO_c_IonXpress_SFPQt1Transcripts/uc001nvu.3.csv
311,./IonXpress_NONO_c_IonXpress_SFPQt1Transcripts/uc002vbh.1annotations.csv,./IonXpress_NONO_c_IonXpress_SFPQt1Transcripts/uc002vbh.1.csv
312,./IonXpress_NONO_c_IonXpress_SFPQt1Transcripts/uc003fqs.3annotations.csv,./IonXpress_NONO_c_IonXpress_SFPQt1Transcripts/uc003fqs.3.csv
313,./IonXpress_NONO_c_IonXpress_SFPQt1Transcripts/uc002ldr.2annotations.csv,./IonXpress_NONO_c_IonXpress_SFPQt1Transcripts/uc002ldr.2.csv
314,./IonXpress_NONO_c_IonXpress_SFPQt1Transcripts/uc002ryc.3annotations.csv,./IonXpress_NONO_c_IonXpress_SFPQt1Transcripts/uc002ryc.3.csv
315,./IonXpress_NONO_c_IonXpress_SFPQt1Transcripts/uc002gqb.4annotations.csv,./IonXpress_NONO_c_IonXpress_SFPQt1Transcripts/uc002gqb.4.csv
316,./IonXpress_NONO_c_IonXpress_SFPQt1Transcripts/uc003xyl.3annotations.csv,./IonXpress_NONO_c_IonXpress_SFPQt1Transcripts/uc003xyl.3.csv
317,./IonXpress_NONO_c_IonXpress_SFPQt1Transcripts/uc021tqy.1annotations.csv,./IonXpress_NONO_c_IonXpress_SFPQt1Transcripts/uc021tqy.1.csv
318,./IonXpress_NONO_c_IonXpress_SFPQt1Transcripts/uc002hjb.3annotations.csv,./IonXpress_NONO_c_IonXpress_SFPQt1Transcripts/uc002hjb.3.csv
319,./IonXpress_NONO_c_IonXpress_SFPQt1Transcripts/uc002tuj.3annotations.csv,./IonXpress_NONO_c_IonXpress_SFPQt1Transcripts/uc002tuj.3.csv
320,./IonXpress_NONO_c_IonXpress_SFPQt1Transcripts/uc002fun.4annotations.csv,./IonXpress_NONO_c_IonXpress_SFPQt1Transcripts/uc002fun.4.csv
321,./IonXpress_NONO_c_IonXpress_SFPQt1Transcripts/uc031poc.1annotations.csv,./IonXpress_NONO_c_IonXpress_SFPQt1Transcripts/uc031poc.1.csv
322,./IonXpress_NONO_c_IonXpress_SFPQt1Transcripts/uc001bqm.3annotations.csv,./IonXpress_NONO_c_IonXpress_SFPQt1Transcripts/uc001bqm.3.csv
323,./IonXpress_NONO_c_IonXpress_SFPQt1Transcripts/uc002pti.1annotations.csv,./IonXpress_NONO_c_IonXpress_SFPQt1Transcripts/uc002pti.1.csv
324,./IonXpress_NONO_c_IonXpress_SFPQt1Transcripts/uc010cfv.2annotations.csv,./IonXpress_NONO_c_IonXpress_SFPQt1Transcripts/uc010cfv.2.csv
325,./IonXpress_NONO_c_IonXpress_SFPQt1Transcripts/uc021xpp.1annotations.csv,./IonXpress_NONO_c_IonXpress_SFPQt1Transcripts/uc021xpp.1.csv
326,./IonXpress_NONO_c_IonXpress_SFPQt1Transcripts/uc010hnt.3annotations.csv,./IonXpress_NONO_c_IonXpress_SFPQt1Transcripts/uc010hnt.3.csv
327,./IonXpress_NONO_c_IonXpress_SFPQt1Transcripts/uc010fng.3annotations.csv,./IonXpress_NONO_c_IonXpress_SFPQt1Transcripts/uc010fng.3.csv
328,./IonXpress_NONO_c_IonXpress_SFPQt1Transcripts/uc010zhv.1annotations.csv,./IonXpress_NONO_c_IonXpress_SFPQt1Transcripts/uc010zhv.1.csv
329,./IonXpress_NONO_c_IonXpress_SFPQt1Transcripts/uc021qjo.1annotations.csv,./IonXpress_NONO_c_IonXpress_SFPQt1Transcripts/uc021qjo.1.csv
330,./IonXpress_NONO_c_IonXpress_SFPQt1Transcripts/uc003dlq.3annotations.csv,./IonXpress_NONO_c_IonXpress_SFPQt1Transcripts/uc003dlq.3.csv
331,./IonXpress_NONO_c_IonXpress_SFPQt1Transcripts/uc002fuj.3annotations.csv,./IonXpress_NONO_c_IonXpress_SFPQt1Transcripts/uc002fuj.3.csv
332,./IonXpress_NONO_c_IonXpress_SFPQt1Transcripts/uc010jsq.1annotations.csv,./IonXpress_NONO_c_IonXpress_SFPQt1Transcripts/uc010jsq.1.csv
333,./IonXpress_NONO_c_IonXpress_SFPQt1Transcripts/uc011dnc.2annotations.csv,./IonXpress_NONO_c_IonXpress_SFPQt1Transcripts/uc011dnc.2.csv
334,./IonXpress_NONO_c_IonXpress_SFPQt1Transcripts/uc011czy.2annotations.csv,./IonXpress_NONO_c_IonXpress_SFPQt1Transcripts/uc011czy.2.csv
335,./IonXpress_NONO_c_IonXpress_SFPQt1Transcripts/uc001owl.1annotations.csv,./IonXpress_NONO_c_IonXpress_SFPQt1Transcripts/uc001owl.1.csv
336,./IonXpress_NONO_c_IonXpress_SFPQt1Transcripts/uc004car.3annotations.csv,./IonXpress_NONO_c_IonXpress_SFPQt1Transcripts/uc004car.3.csv
337,./IonXpress_NONO_c_IonXpress_SFPQt1Transcripts/uc004fae.2annotations.csv,./IonXpress_NONO_c_IonXpress_SFPQt1Transcripts/uc004fae.2.csv
338,./IonXpress_NONO_c_IonXpress_SFPQt1Transcripts/uc021tqu.1annotations.csv,./IonXpress_NONO_c_IonXpress_SFPQt1Transcripts/uc021tqu.1.csv
339,./IonXpress_NONO_c_IonXpress_SFPQt1Transcripts/uc010cim.1annotations.csv,./IonXpress_NONO_c_IonXpress_SFPQt1Transcripts/uc010cim.1.csv
340,./IonXpress_NONO_c_IonXpress_SFPQt1Transcripts/uc011bfm.2annotations.csv,./IonXpress_NONO_c_IonXpress_SFPQt1Transcripts/uc011bfm.2.csv
341,./IonXpress_NONO_c_IonXpress_SFPQt1Transcripts/uc003nsc.2annotations.csv,./IonXpress_NONO_c_IonXpress_SFPQt1Transcripts/uc003nsc.2.csv
342,./IonXpress_NONO_c_IonXpress_SFPQt1Transcripts/uc002wgh.3annotations.csv,./IonXpress_NONO_c_IonXpress_SFPQt1Transcripts/uc002wgh.3.csv
343,./IonXpress_NONO_c_IonXpress_SFPQt1Transcripts/uc001hwl.3annotations.csv,./IonXpress_NONO_c_IonXpress_SFPQt1Transcripts/uc001hwl.3.csv
344,./IonXpress_NONO_c_IonXpress_SFPQt1Transcripts/uc002wgj.3annotations.csv,./IonXpress_NONO_c_IonXpress_SFPQt1Transcripts/uc002wgj.3.csv
345,./IonXpress_NONO_c_IonXpress_SFPQt1Transcripts/uc003ntx.2annotations.csv,./IonXpress_NONO_c_IonXpress_SFPQt1Transcripts/uc003ntx.2.csv
346,./IonXpress_NONO_c_IonXpress_SFPQt1Transcripts/uc011mfi.2annotations.csv,./IonXpress_NONO_c_IonXpress_SFPQt1Transcripts/uc011mfi.2.csv
347,./IonXpress_NONO_c_IonXpress_SFPQt1Transcripts/uc002poc.3annotations.csv,./IonXpress_NONO_c_IonXpress_SFPQt1Transcripts/uc002poc.3.csv
348,./IonXpress_NONO_c_IonXpress_SFPQt1Transcripts/uc021pcp.1annotations.csv,./IonXpress_NONO_c_IonXpress_SFPQt1Transcripts/uc021pcp.1.csv
349,./IonXpress_NONO_c_IonXpress_SFPQt1Transcripts/uc004cap.4annotations.csv,./IonXpress_NONO_c_IonXpress_SFPQt1Transcripts/uc004cap.4.csv
350,./IonXpress_NONO_c_IonXpress_SFPQt1Transcripts/uc002wqe.3annotations.csv,./IonXpress_NONO_c_IonXpress_SFPQt1Transcripts/uc002wqe.3.csv
351,./IonXpress_NONO_c_IonXpress_SFPQt1Transcripts/uc011mhg.2annotations.csv,./IonXpress_NONO_c_IonXpress_SFPQt1Transcripts/uc011mhg.2.csv
352,./IonXpress_NONO_c_IonXpress_SFPQt1Transcripts/uc021rst.1annotations.csv,./IonXpress_NONO_c_IonXpress_SFPQt1Transcripts/uc021rst.1.csv
353,./IonXpress_NONO_c_IonXpress_SFPQt1Transcripts/uc021pde.1annotations.csv,./IonXpress_NONO_c_IonXpress_SFPQt1Transcripts/uc021pde.1.csv
354,./IonXpress_NONO_c_IonXpress_SFPQt1Transcripts/uc010xla.2annotations.csv,./IonXpress_NONO_c_IonXpress_SFPQt1Transcripts/uc010xla.2.csv
355,./IonXpress_NONO_c_IonXpress_SFPQt1Transcripts/uc011bfk.2annotations.csv,./IonXpress_NONO_c_IonXpress_SFPQt1Transcripts/uc011bfk.2.csv
356,./IonXpress_NONO_c_IonXpress_SFPQt1Transcripts/uc002mmz.2annotations.csv,./IonXpress_NONO_c_IonXpress_SFPQt1Transcripts/uc002mmz.2.csv
357,./IonXpress_NONO_c_IonXpress_SFPQt1Transcripts/uc003lhb.2annotations.csv,./IonXpress_NONO_c_IonXpress_SFPQt1Transcripts/uc003lhb.2.csv
358,./IonXpress_NONO_c_IonXpress_SFPQt1Transcripts/uc002wqc.3annotations.csv,./IonXpress_NONO_c_IonXpress_SFPQt1Transcripts/uc002wqc.3.csv
359,./IonXpress_NONO_c_IonXpress_SFPQt1Transcripts/uc002ful.1annotations.csv,./IonXpress_NONO_c_IonXpress_SFPQt1Transcripts/uc002ful.1.csv
360,./IonXpress_NONO_c_IonXpress_SFPQt1Transcripts/uc003jtq.3annotations.csv,./IonXpress_NONO_c_IonXpress_SFPQt1Transcripts/uc003jtq.3.csv
361,./IonXpress_NONO_c_IonXpress_SFPQt1Transcripts/uc021rul.1annotations.csv,./IonXpress_NONO_c_IonXpress_SFPQt1Transcripts/uc021rul.1.csv
362,./IonXpress_NONO_c_IonXpress_SFPQt1Transcripts/uc004can.4annotations.csv,./IonXpress_NONO_c_IonXpress_SFPQt1Transcripts/uc004can.4.csv
363,./IonXpress_NONO_c_IonXpress_SFPQt1Transcripts/uc002jsb.2annotations.csv,./IonXpress_NONO_c_IonXpress_SFPQt1Transcripts/uc002jsb.2.csv
364,./IonXpress_NONO_c_IonXpress_SFPQt1Transcripts/uc002kfn.3annotations.csv,./IonXpress_NONO_c_IonXpress_SFPQt1Transcripts/uc002kfn.3.csv
365,./IonXpress_NONO_c_IonXpress_SFPQt1Transcripts/uc002jsd.2annotations.csv,./IonXpress_NONO_c_IonXpress_SFPQt1Transcripts/uc002jsd.2.csv
366,./IonXpress_NONO_c_IonXpress_SFPQt1Transcripts/uc001owh.4annotations.csv,./IonXpress_NONO_c_IonXpress_SFPQt1Transcripts/uc001owh.4.csv
367,./IonXpress_NONO_c_IonXpress_SFPQt1Transcripts/uc011dnp.1annotations.csv,./IonXpress_NONO_c_IonXpress_SFPQt1Transcripts/uc011dnp.1.csv
368,./IonXpress_NONO_c_IonXpress_SFPQt1Transcripts/uc009zlr.1annotations.csv,./IonXpress_NONO_c_IonXpress_SFPQt1Transcripts/uc009zlr.1.csv
369,./IonXpress_NONO_c_IonXpress_SFPQt1Transcripts/uc004fqf.1annotations.csv,./IonXpress_NONO_c_IonXpress_SFPQt1Transcripts/uc004fqf.1.csv
370,./IonXpress_NONO_c_IonXpress_SFPQt1Transcripts/uc001rwn.3annotations.csv,./IonXpress_NONO_c_IonXpress_SFPQt1Transcripts/uc001rwn.3.csv
371,./IonXpress_NONO_c_IonXpress_SFPQt1Transcripts/uc010emz.1annotations.csv,./IonXpress_NONO_c_IonXpress_SFPQt1Transcripts/uc010emz.1.csv
372,./IonXpress_NONO_c_IonXpress_SFPQt1Transcripts/uc009zbd.2annotations.csv,./IonXpress_NONO_c_IonXpress_SFPQt1Transcripts/uc009zbd.2.csv
373,./IonXpress_NONO_c_IonXpress_SFPQt1Transcripts/uc010ext.3annotations.csv,./IonXpress_NONO_c_IonXpress_SFPQt1Transcripts/uc010ext.3.csv
374,./IonXpress_NONO_c_IonXpress_SFPQt1Transcripts/uc021pcf.1annotations.csv,./IonXpress_NONO_c_IonXpress_SFPQt1Transcripts/uc021pcf.1.csv
375,./IonXpress_NONO_c_IonXpress_SFPQt1Transcripts/uc003nxp.3annotations.csv,./IonXpress_NONO_c_IonXpress_SFPQt1Transcripts/uc003nxp.3.csv
376,./IonXpress_NONO_c_IonXpress_SFPQt1Transcripts/uc001rwp.2annotations.csv,./IonXpress_NONO_c_IonXpress_SFPQt1Transcripts/uc001rwp.2.csv
377,./IonXpress_NONO_c_IonXpress_SFPQt1Transcripts/uc011dmy.2annotations.csv,./IonXpress_NONO_c_IonXpress_SFPQt1Transcripts/uc011dmy.2.csv
378,./IonXpress_NONO_c_IonXpress_SFPQt1Transcripts/uc001rwr.2annotations.csv,./IonXpress_NONO_c_IonXpress_SFPQt1Transcripts/uc001rwr.2.csv
379,./IonXpress_NONO_c_IonXpress_SFPQt1Transcripts/uc003hnm.3annotations.csv,./IonXpress_NONO_c_IonXpress_SFPQt1Transcripts/uc003hnm.3.csv
380,./IonXpress_NONO_c_IonXpress_SFPQt1Transcripts/uc001rwt.2annotations.csv,./IonXpress_NONO_c_IonXpress_SFPQt1Transcripts/uc001rwt.2.csv
381,./IonXpress_NONO_c_IonXpress_SFPQt1Transcripts/uc002fno.2annotations.csv,./IonXpress_NONO_c_IonXpress_SFPQt1Transcripts/uc002fno.2.csv
382,./IonXpress_NONO_c_IonXpress_SFPQt1Transcripts/uc011dnb.2annotations.csv,./IonXpress_NONO_c_IonXpress_SFPQt1Transcripts/uc011dnb.2.csv
383,./IonXpress_NONO_c_IonXpress_SFPQt1Transcripts/uc021rsp.1annotations.csv,./IonXpress_NONO_c_IonXpress_SFPQt1Transcripts/uc021rsp.1.csv
384,./IonXpress_NONO_c_IonXpress_SFPQt1Transcripts/uc003zxh.2annotations.csv,./IonXpress_NONO_c_IonXpress_SFPQt1Transcripts/uc003zxh.2.csv
385,./IonXpress_NONO_c_IonXpress_SFPQt1Transcripts/uc002fnm.2annotations.csv,./IonXpress_NONO_c_IonXpress_SFPQt1Transcripts/uc002fnm.2.csv
386,./IonXpress_NONO_c_IonXpress_SFPQt1Transcripts/uc011dnn.2annotations.csv,./IonXpress_NONO_c_IonXpress_SFPQt1Transcripts/uc011dnn.2.csv
387,./IonXpress_NONO_c_IonXpress_SFPQt1Transcripts/uc021xpo.1annotations.csv,./IonXpress_NONO_c_IonXpress_SFPQt1Transcripts/uc021xpo.1.csv
388,./IonXpress_NONO_c_IonXpress_SFPQt1Transcripts/uc002vpi.3annotations.csv,./IonXpress_NONO_c_IonXpress_SFPQt1Transcripts/uc002vpi.3.csv
389,./IonXpress_NONO_c_IonXpress_SFPQt1Transcripts/uc001qfh.3annotations.csv,./IonXpress_NONO_c_IonXpress_SFPQt1Transcripts/uc001qfh.3.csv
390,./IonXpress_NONO_c_IonXpress_SFPQt1Transcripts/uc002kfp.3annotations.csv,./IonXpress_NONO_c_IonXpress_SFPQt1Transcripts/uc002kfp.3.csv
391,./IonXpress_NONO_c_IonXpress_SFPQt1Transcripts/uc001ndj.2annotations.csv,./IonXpress_NONO_c_IonXpress_SFPQt1Transcripts/uc001ndj.2.csv
392,./IonXpress_NONO_c_IonXpress_SFPQt1Transcripts/uc011log.1annotations.csv,./IonXpress_NONO_c_IonXpress_SFPQt1Transcripts/uc011log.1.csv
393,./IonXpress_NONO_c_IonXpress_SFPQt1Transcripts/uc010hyv.2annotations.csv,./IonXpress_NONO_c_IonXpress_SFPQt1Transcripts/uc010hyv.2.csv
394,./IonXpress_NONO_c_IonXpress_SFPQt1Transcripts/uc021qxv.1annotations.csv,./IonXpress_NONO_c_IonXpress_SFPQt1Transcripts/uc021qxv.1.csv
395,./IonXpress_NONO_c_IonXpress_SFPQt1Transcripts/uc011loe.1annotations.csv,./IonXpress_NONO_c_IonXpress_SFPQt1Transcripts/uc011loe.1.csv
396,./IonXpress_NONO_c_IonXpress_SFPQt1Transcripts/uc001bqo.3annotations.csv,./IonXpress_NONO_c_IonXpress_SFPQt1Transcripts/uc001bqo.3.csv
397,./IonXpress_NONO_c_IonXpress_SFPQt1Transcripts/uc002ptf.3annotations.csv,./IonXpress_NONO_c_IonXpress_SFPQt1Transcripts/uc002ptf.3.csv
398,./IonXpress_NONO_c_IonXpress_SFPQt1Transcripts/uc001qfg.3annotations.csv,./IonXpress_NONO_c_IonXpress_SFPQt1Transcripts/uc001qfg.3.csv
399,./IonXpress_NONO_c_IonXpress_SFPQt1Transcripts/uc021tgu.1annotations.csv,./IonXpress_NONO_c_IonXpress_SFPQt1Transcripts/uc021tgu.1.csv
400,./IonXpress_NONO_c_IonXpress_SFPQt1Transcripts/uc003hnq.3annotations.csv,./IonXpress_NONO_c_IonXpress_SFPQt1Transcripts/uc003hnq.3.csv
401,./IonXpress_NONO_c_IonXpress_SFPQt1Transcripts/uc002rdi.3annotations.csv,./IonXpress_NONO_c_IonXpress_SFPQt1Transcripts/uc002rdi.3.csv
402,./IonXpress_NONO_c_IonXpress_SFPQt1Transcripts/uc010sbw.1annotations.csv,./IonXpress_NONO_c_IonXpress_SFPQt1Transcripts/uc010sbw.1.csv
403,./IonXpress_NONO_c_IonXpress_SFPQt1Transcripts/uc003yig.1annotations.csv,./IonXpress_NONO_c_IonXpress_SFPQt1Transcripts/uc003yig.1.csv
404,./IonXpress_NONO_c_IonXpress_SFPQt1Transcripts/uc011loc.1annotations.csv,./IonXpress_NONO_c_IonXpress_SFPQt1Transcripts/uc011loc.1.csv
405,./IonXpress_NONO_c_IonXpress_SFPQt1Transcripts/uc003ztr.2annotations.csv,./IonXpress_NONO_c_IonXpress_SFPQt1Transcripts/uc003ztr.2.csv
406,./IonXpress_NONO_c_IonXpress_SFPQt1Transcripts/uc010fgr.1annotations.csv,./IonXpress_NONO_c_IonXpress_SFPQt1Transcripts/uc010fgr.1.csv
407,./IonXpress_NONO_c_IonXpress_SFPQt1Transcripts/uc021udi.1annotations.csv,./IonXpress_NONO_c_IonXpress_SFPQt1Transcripts/uc021udi.1.csv
408,./IonXpress_NONO_c_IonXpress_SFPQt1Transcripts/uc010vmm.2annotations.csv,./IonXpress_NONO_c_IonXpress_SFPQt1Transcripts/uc010vmm.2.csv
409,./IonXpress_NONO_c_IonXpress_SFPQt1Transcripts/uc003jto.4annotations.csv,./IonXpress_NONO_c_IonXpress_SFPQt1Transcripts/uc003jto.4.csv
410,./IonXpress_NONO_c_IonXpress_SFPQt1Transcripts/uc001bqs.2annotations.csv,./IonXpress_NONO_c_IonXpress_SFPQt1Transcripts/uc001bqs.2.csv
411,./IonXpress_NONO_c_IonXpress_SFPQt1Transcripts/uc003ntv.3annotations.csv,./IonXpress_NONO_c_IonXpress_SFPQt1Transcripts/uc003ntv.3.csv
412,./IonXpress_NONO_c_IonXpress_SFPQt1Transcripts/uc002apz.1annotations.csv,./IonXpress_NONO_c_IonXpress_SFPQt1Transcripts/uc002apz.1.csv
413,./IonXpress_NONO_c_IonXpress_SFPQt1Transcripts/uc001bqq.1annotations.csv,./IonXpress_NONO_c_IonXpress_SFPQt1Transcripts/uc001bqq.1.csv
414,./IonXpress_NONO_c_IonXpress_SFPQt1Transcripts/uc003ztp.2annotations.csv,./IonXpress_NONO_c_IonXpress_SFPQt1Transcripts/uc003ztp.2.csv
415,./IonXpress_NONO_c_IonXpress_SFPQt1Transcripts/uc001esc.2annotations.csv,./IonXpress_NONO_c_IonXpress_SFPQt1Transcripts/uc001esc.2.csv
416,./IonXpress_NONO_c_IonXpress_SFPQt1Transcripts/uc003ntt.3annotations.csv,./IonXpress_NONO_c_IonXpress_SFPQt1Transcripts/uc003ntt.3.csv
417,./IonXpress_NONO_c_IonXpress_SFPQt1Transcripts/uc001bqk.3annotations.csv,./IonXpress_NONO_c_IonXpress_SFPQt1Transcripts/uc001bqk.3.csv
418,./IonXpress_NONO_c_IonXpress_SFPQt1Transcripts/uc002eap.3annotations.csv,./IonXpress_NONO_c_IonXpress_SFPQt1Transcripts/uc002eap.3.csv
419,./IonXpress_NONO_c_IonXpress_SFPQt1Transcripts/uc003rjy.2annotations.csv,./IonXpress_NONO_c_IonXpress_SFPQt1Transcripts/uc003rjy.2.csv
420,./IonXpress_NONO_c_IonXpress_SFPQt1Transcripts/uc001vxa.1annotations.csv,./IonXpress_NONO_c_IonXpress_SFPQt1Transcripts/uc001vxa.1.csv
421,./IonXpress_NONO_c_IonXpress_SFPQt1Transcripts/uc011mwg.2annotations.csv,./IonXpress_NONO_c_IonXpress_SFPQt1Transcripts/uc011mwg.2.csv
422,./IonXpress_NONO_c_IonXpress_SFPQt1Transcripts/uc010cpj.1annotations.csv,./IonXpress_NONO_c_IonXpress_SFPQt1Transcripts/uc010cpj.1.csv
423,./IonXpress_NONO_c_IonXpress_SFPQt1Transcripts/uc003lhc.1annotations.csv,./IonXpress_NONO_c_IonXpress_SFPQt1Transcripts/uc003lhc.1.csv
424,./IonXpress_NONO_c_IonXpress_SFPQt1Transcripts/uc011bwi.2annotations.csv,./IonXpress_NONO_c_IonXpress_SFPQt1Transcripts/uc011bwi.2.csv
425,./IonXpress_NONO_c_IonXpress_SFPQt1Transcripts/uc031qcu.1annotations.csv,./IonXpress_NONO_c_IonXpress_SFPQt1Transcripts/uc031qcu.1.csv
426,./IonXpress_NONO_c_IonXpress_SFPQt1Transcripts/uc021xpq.1annotations.csv,./IonXpress_NONO_c_IonXpress_SFPQt1Transcripts/uc021xpq.1.csv
427,./IonXpress_NONO_c_IonXpress_SFPQt1Transcripts/uc002sqw.2annotations.csv,./IonXpress_NONO_c_IonXpress_SFPQt1Transcripts/uc002sqw.2.csv
428,./IonXpress_NONO_c_IonXpress_SFPQt1Transcripts/uc031qcs.1annotations.csv,./IonXpress_NONO_c_IonXpress_SFPQt1Transcripts/uc031qcs.1.csv
429,./IonXpress_NONO_c_IonXpress_SFPQt1Transcripts/uc001xhh.4annotations.csv,./IonXpress_NONO_c_IonXpress_SFPQt1Transcripts/uc001xhh.4.csv
430,./IonXpress_NONO_c_IonXpress_SFPQt1Transcripts/uc003lha.2annotations.csv,./IonXpress_NONO_c_IonXpress_SFPQt1Transcripts/uc003lha.2.csv
431,./IonXpress_NONO_c_IonXpress_SFPQt1Transcripts/uc003jtr.1annotations.csv,./IonXpress_NONO_c_IonXpress_SFPQt1Transcripts/uc003jtr.1.csv
432,./IonXpress_NONO_c_IonXpress_SFPQt1Transcripts/uc002gqk.1annotations.csv,./IonXpress_NONO_c_IonXpress_SFPQt1Transcripts/uc002gqk.1.csv
433,./IonXpress_NONO_c_IonXpress_SFPQt1Transcripts/uc010zrt.1annotations.csv,./IonXpress_NONO_c_IonXpress_SFPQt1Transcripts/uc010zrt.1.csv
434,./IonXpress_NONO_c_IonXpress_SFPQt1Transcripts/uc002fuq.3annotations.csv,./IonXpress_NONO_c_IonXpress_SFPQt1Transcripts/uc002fuq.3.csv
435,./IonXpress_NONO_c_IonXpress_SFPQt1Transcripts/uc001ura.3annotations.csv,./IonXpress_NONO_c_IonXpress_SFPQt1Transcripts/uc001ura.3.csv
436,./IonXpress_NONO_c_IonXpress_SFPQt1Transcripts/uc021tmt.1annotations.csv,./IonXpress_NONO_c_IonXpress_SFPQt1Transcripts/uc021tmt.1.csv
437,./IonXpress_NONO_c_IonXpress_SFPQt1Transcripts/uc004fqc.1annotations.csv,./IonXpress_NONO_c_IonXpress_SFPQt1Transcripts/uc004fqc.1.csv
438,./IonXpress_NONO_c_IonXpress_SFPQt1Transcripts/uc010nwc.2annotations.csv,./IonXpress_NONO_c_IonXpress_SFPQt1Transcripts/uc010nwc.2.csv
439,./IonXpress_NONO_c_IonXpress_SFPQt1Transcripts/uc010mbk.2annotations.csv,./IonXpress_NONO_c_IonXpress_SFPQt1Transcripts/uc010mbk.2.csv
440,./IonXpress_NONO_c_IonXpress_SFPQt1Transcripts/uc021tqt.1annotations.csv,./IonXpress_NONO_c_IonXpress_SFPQt1Transcripts/uc021tqt.1.csv
441,./IonXpress_NONO_c_IonXpress_SFPQt1Transcripts/uc001uqz.1annotations.csv,./IonXpress_NONO_c_IonXpress_SFPQt1Transcripts/uc001uqz.1.csv
442,./IonXpress_NONO_c_IonXpress_SFPQt1Transcripts/uc004cqp.3annotations.csv,./IonXpress_NONO_c_IonXpress_SFPQt1Transcripts/uc004cqp.3.csv
443,./IonXpress_NONO_c_IonXpress_SFPQt1Transcripts/uc004fah.1annotations.csv,./IonXpress_NONO_c_IonXpress_SFPQt1Transcripts/uc004fah.1.csv
444,./IonXpress_NONO_c_IonXpress_SFPQt1Transcripts/uc011bfl.2annotations.csv,./IonXpress_NONO_c_IonXpress_SFPQt1Transcripts/uc011bfl.2.csv
445,./IonXpress_NONO_c_IonXpress_SFPQt1Transcripts/uc001pyp.3annotations.csv,./IonXpress_NONO_c_IonXpress_SFPQt1Transcripts/uc001pyp.3.csv
446,./IonXpress_NONO_c_IonXpress_SFPQt1Transcripts/uc021ogr.1annotations.csv,./IonXpress_NONO_c_IonXpress_SFPQt1Transcripts/uc021ogr.1.csv
447,./IonXpress_NONO_c_IonXpress_SFPQt1Transcripts/uc010fnh.1annotations.csv,./IonXpress_NONO_c_IonXpress_SFPQt1Transcripts/uc010fnh.1.csv
448,./IonXpress_NONO_c_IonXpress_SFPQt1Transcripts/uc002ezf.3annotations.csv,./IonXpress_NONO_c_IonXpress_SFPQt1Transcripts/uc002ezf.3.csv
449,./IonXpress_NONO_c_IonXpress_SFPQt1Transcripts/uc010vwf.2annotations.csv,./IonXpress_NONO_c_IonXpress_SFPQt1Transcripts/uc010vwf.2.csv
450,./IonXpress_NONO_c_IonXpress_SFPQt1Transcripts/uc031tga.1annotations.csv,./IonXpress_NONO_c_IonXpress_SFPQt1Transcripts/uc031tga.1.csv
451,./IonXpress_NONO_c_IonXpress_SFPQt1Transcripts/uc002wqd.3annotations.csv,./IonXpress_NONO_c_IonXpress_SFPQt1Transcripts/uc002wqd.3.csv
452,./IonXpress_NONO_c_IonXpress_SFPQt1Transcripts/uc010rzu.2annotations.csv,./IonXpress_NONO_c_IonXpress_SFPQt1Transcripts/uc010rzu.2.csv
453,./IonXpress_NONO_c_IonXpress_SFPQt1Transcripts/uc010fnf.3annotations.csv,./IonXpress_NONO_c_IonXpress_SFPQt1Transcripts/uc010fnf.3.csv
454,./IonXpress_NONO_c_IonXpress_SFPQt1Transcripts/uc010fxw.1annotations.csv,./IonXpress_NONO_c_IonXpress_SFPQt1Transcripts/uc010fxw.1.csv
455,./IonXpress_NONO_c_IonXpress_SFPQt1Transcripts/uc001xhi.2annotations.csv,./IonXpress_NONO_c_IonXpress_SFPQt1Transcripts/uc001xhi.2.csv
456,./IonXpress_NONO_c_IonXpress_SFPQt1Transcripts/uc001nvz.2annotations.csv,./IonXpress_NONO_c_IonXpress_SFPQt1Transcripts/uc001nvz.2.csv
457,./IonXpress_NONO_c_IonXpress_SFPQt1Transcripts/uc003dlp.3annotations.csv,./IonXpress_NONO_c_IonXpress_SFPQt1Transcripts/uc003dlp.3.csv
458,./IonXpress_NONO_c_IonXpress_SFPQt1Transcripts/uc002fum.4annotations.csv,./IonXpress_NONO_c_IonXpress_SFPQt1Transcripts/uc002fum.4.csv
459,./IonXpress_NONO_c_IonXpress_SFPQt1Transcripts/uc010dwz.1annotations.csv,./IonXpress_NONO_c_IonXpress_SFPQt1Transcripts/uc010dwz.1.csv
460,./IonXpress_NONO_c_IonXpress_SFPQt1Transcripts/uc002jsa.2annotations.csv,./IonXpress_NONO_c_IonXpress_SFPQt1Transcripts/uc002jsa.2.csv
461,./IonXpress_NONO_c_IonXpress_SFPQt1Transcripts/uc021zep.1annotations.csv,./IonXpress_NONO_c_IonXpress_SFPQt1Transcripts/uc021zep.1.csv
462,./IonXpress_NONO_c_IonXpress_SFPQt1Transcripts/uc001nvx.2annotations.csv,./IonXpress_NONO_c_IonXpress_SFPQt1Transcripts/uc001nvx.2.csv
463,./IonXpress_NONO_c_IonXpress_SFPQt1Transcripts/uc010aqg.3annotations.csv,./IonXpress_NONO_c_IonXpress_SFPQt1Transcripts/uc010aqg.3.csv
464,./IonXpress_NONO_c_IonXpress_SFPQt1Transcripts/uc002kfo.3annotations.csv,./IonXpress_NONO_c_IonXpress_SFPQt1Transcripts/uc002kfo.3.csv
465,./IonXpress_NONO_c_IonXpress_SFPQt1Transcripts/uc001nvv.2annotations.csv,./IonXpress_NONO_c_IonXpress_SFPQt1Transcripts/uc001nvv.2.csv
466,./IonXpress_NONO_c_IonXpress_SFPQt1Transcripts/uc002kfm.1annotations.csv,./IonXpress_NONO_c_IonXpress_SFPQt1Transcripts/uc002kfm.1.csv
467,./IonXpress_NONO_c_IonXpress_SFPQt1Transcripts/uc031tdn.1annotations.csv,./IonXpress_NONO_c_IonXpress_SFPQt1Transcripts/uc031tdn.1.csv
468,./IonXpress_NONO_c_IonXpress_SFPQt1Transcripts/uc002wqf.1annotations.csv,./IonXpress_NONO_c_IonXpress_SFPQt1Transcripts/uc002wqf.1.csv
469,./IonXpress_NONO_c_IonXpress_SFPQt1Transcripts/uc009wwl.3annotations.csv,./IonXpress_NONO_c_IonXpress_SFPQt1Transcripts/uc009wwl.3.csv
470,./IonXpress_NONO_c_IonXpress_SFPQt1Transcripts/uc002mna.3annotations.csv,./IonXpress_NONO_c_IonXpress_SFPQt1Transcripts/uc002mna.3.csv
471,./IonXpress_NONO_c_IonXpress_SFPQt1Transcripts/uc004fqe.1annotations.csv,./IonXpress_NONO_c_IonXpress_SFPQt1Transcripts/uc004fqe.1.csv
472,./IonXpress_NONO_c_IonXpress_SFPQt1Transcripts/uc004caq.3annotations.csv,./IonXpress_NONO_c_IonXpress_SFPQt1Transcripts/uc004caq.3.csv
473,./IonXpress_NONO_c_IonXpress_SFPQt1Transcripts/uc004fad.1annotations.csv,./IonXpress_NONO_c_IonXpress_SFPQt1Transcripts/uc004fad.1.csv
474,./IonXpress_NONO_c_IonXpress_SFPQt1Transcripts/uc021pcu.1annotations.csv,./IonXpress_NONO_c_IonXpress_SFPQt1Transcripts/uc021pcu.1.csv
475,./IonXpress_NONO_c_IonXpress_SFPQt1Transcripts/uc004faf.2annotations.csv,./IonXpress_NONO_c_IonXpress_SFPQt1Transcripts/uc004faf.2.csv
476,./IonXpress_NONO_c_IonXpress_SFPQt1Transcripts/uc009zbc.3annotations.csv,./IonXpress_NONO_c_IonXpress_SFPQt1Transcripts/uc009zbc.3.csv
477,./IonXpress_NONO_c_IonXpress_SFPQt1Transcripts/uc010diu.3annotations.csv,./IonXpress_NONO_c_IonXpress_SFPQt1Transcripts/uc010diu.3.csv
478,./IonXpress_NONO_c_IonXpress_SFPQt1Transcripts/uc002vpj.3annotations.csv,./IonXpress_NONO_c_IonXpress_SFPQt1Transcripts/uc002vpj.3.csv
479,./IonXpress_NONO_c_IonXpress_SFPQt1Transcripts/uc002wgi.3annotations.csv,./IonXpress_NONO_c_IonXpress_SFPQt1Transcripts/uc002wgi.3.csv
480,./IonXpress_NONO_c_IonXpress_SFPQt1Transcripts/uc003zto.1annotations.csv,./IonXpress_NONO_c_IonXpress_SFPQt1Transcripts/uc003zto.1.csv
481,./IonXpress_NONO_c_IonXpress_SFPQt1Transcripts/uc002fnn.2annotations.csv,./IonXpress_NONO_c_IonXpress_SFPQt1Transcripts/uc002fnn.2.csv
482,./IonXpress_NONO_c_IonXpress_SFPQt1Transcripts/uc011dnq.1annotations.csv,./IonXpress_NONO_c_IonXpress_SFPQt1Transcripts/uc011dnq.1.csv
483,./IonXpress_NONO_c_IonXpress_SFPQt1Transcripts/uc002pob.2annotations.csv,./IonXpress_NONO_c_IonXpress_SFPQt1Transcripts/uc002pob.2.csv
484,./IonXpress_NONO_c_IonXpress_SFPQt1Transcripts/uc011bsb.2annotations.csv,./IonXpress_NONO_c_IonXpress_SFPQt1Transcripts/uc011bsb.2.csv
485,./IonXpress_NONO_c_IonXpress_SFPQt1Transcripts/uc002apy.1annotations.csv,./IonXpress_NONO_c_IonXpress_SFPQt1Transcripts/uc002apy.1.csv
486,./IonXpress_NONO_c_IonXpress_SFPQt1Transcripts/uc010enb.1annotations.csv,./IonXpress_NONO_c_IonXpress_SFPQt1Transcripts/uc010enb.1.csv
487,./IonXpress_NONO_c_IonXpress_SFPQt1Transcripts/uc021vvh.1annotations.csv,./IonXpress_NONO_c_IonXpress_SFPQt1Transcripts/uc021vvh.1.csv
488,./IonXpress_NONO_c_IonXpress_SFPQt1Transcripts/uc003lhd.2annotations.csv,./IonXpress_NONO_c_IonXpress_SFPQt1Transcripts/uc003lhd.2.csv
489,./IonXpress_NONO_c_IonXpress_SFPQt1Transcripts/uc004cao.4annotations.csv,./IonXpress_NONO_c_IonXpress_SFPQt1Transcripts/uc004cao.4.csv
490,./IonXpress_NONO_c_IonXpress_SFPQt1Transcripts/uc003ztq.1annotations.csv,./IonXpress_NONO_c_IonXpress_SFPQt1Transcripts/uc003ztq.1.csv
491,./IonXpress_NONO_c_IonXpress_SFPQt1Transcripts/uc001bqn.3annotations.csv,./IonXpress_NONO_c_IonXpress_SFPQt1Transcripts/uc001bqn.3.csv
492,./IonXpress_NONO_c_IonXpress_SFPQt1Transcripts/uc001bql.3annotations.csv,./IonXpress_NONO_c_IonXpress_SFPQt1Transcripts/uc001bql.3.csv
493,./IonXpress_NONO_c_IonXpress_SFPQt1Transcripts/uc003nty.1annotations.csv,./IonXpress_NONO_c_IonXpress_SFPQt1Transcripts/uc003nty.1.csv
494,./IonXpress_NONO_c_IonXpress_SFPQt1Transcripts/uc002rdh.3annotations.csv,./IonXpress_NONO_c_IonXpress_SFPQt1Transcripts/uc002rdh.3.csv
495,./IonXpress_NONO_c_IonXpress_SFPQt1Transcripts/uc001rwm.3annotations.csv,./IonXpress_NONO_c_IonXpress_SFPQt1Transcripts/uc001rwm.3.csv
496,./IonXpress_NONO_c_IonXpress_SFPQt1Transcripts/uc010zlv.1annotations.csv,./IonXpress_NONO_c_IonXpress_SFPQt1Transcripts/uc010zlv.1.csv
497,./IonXpress_NONO_c_IonXpress_SFPQt1Transcripts/uc011dno.1annotations.csv,./IonXpress_NONO_c_IonXpress_SFPQt1Transcripts/uc011dno.1.csv
498,./IonXpress_NONO_c_IonXpress_SFPQt1Transcripts/uc010vpj.2annotations.csv,./IonXpress_NONO_c_IonXpress_SFPQt1Transcripts/uc010vpj.2.csv
499,./IonXpress_NONO_c_IonXpress_SFPQt1Transcripts/uc021udj.1annotations.csv,./IonXpress_NONO_c_IonXpress_SFPQt1Transcripts/uc021udj.1.csv
500,./IonXpress_NONO_c_IonXpress_SFPQt1Transcripts/uc003ntw.2annotations.csv,./IonXpress_NONO_c_IonXpress_SFPQt1Transcripts/uc003ntw.2.csv
501,./IonXpress_NONO_c_IonXpress_SFPQt1Transcripts/uc002rdj.3annotations.csv,./IonXpress_NONO_c_IonXpress_SFPQt1Transcripts/uc002rdj.3.csv
502,./IonXpress_NONO_c_IonXpress_SFPQt1Transcripts/uc001ndi.2annotations.csv,./IonXpress_NONO_c_IonXpress_SFPQt1Transcripts/uc001ndi.2.csv
503,./IonXpress_NONO_c_IonXpress_SFPQt1Transcripts/uc003ntu.3annotations.csv,./IonXpress_NONO_c_IonXpress_SFPQt1Transcripts/uc003ntu.3.csv
504,./IonXpress_NONO_c_IonXpress_SFPQt1Transcripts/uc011dmx.2annotations.csv,./IonXpress_NONO_c_IonXpress_SFPQt1Transcripts/uc011dmx.2.csv
505,./IonXpress_NONO_c_IonXpress_SFPQt1Transcripts/uc001rwq.2annotations.csv,./IonXpress_NONO_c_IonXpress_SFPQt1Transcripts/uc001rwq.2.csv
506,./IonXpress_NONO_c_IonXpress_SFPQt1Transcripts/uc011dna.2annotations.csv,./IonXpress_NONO_c_IonXpress_SFPQt1Transcripts/uc011dna.2.csv
507,./IonXpress_NONO_c_IonXpress_SFPQt1Transcripts/uc001rws.2annotations.csv,./IonXpress_NONO_c_IonXpress_SFPQt1Transcripts/uc001rws.2.csv
508,./IonXpress_NONO_c_IonXpress_SFPQt1Transcripts/uc021ydy.1annotations.csv,./IonXpress_NONO_c_IonXpress_SFPQt1Transcripts/uc021ydy.1.csv
509,./IonXpress_NONO_c_IonXpress_SFPQt1Transcripts/uc011dnd.2annotations.csv,./IonXpress_NONO_c_IonXpress_SFPQt1Transcripts/uc011dnd.2.csv
510,./IonXpress_NONO_c_IonXpress_SFPQt1Transcripts/uc010zpy.2annotations.csv,./IonXpress_NONO_c_IonXpress_SFPQt1Transcripts/uc010zpy.2.csv
511,./IonXpress_NONO_c_IonXpress_SFPQt1Transcripts/uc002sqx.1annotations.csv,./IonXpress_NONO_c_IonXpress_SFPQt1Transcripts/uc002sqx.1.csv
512,./IonXpress_NONO_c_IonXpress_SFPQt1Transcripts/uc010ndb.2annotations.csv,./IonXpress_NONO_c_IonXpress_SFPQt1Transcripts/uc010ndb.2.csv
513,./IonXpress_NONO_c_IonXpress_SFPQt1Transcripts/uc009ylg.1annotations.csv,./IonXpress_NONO_c_IonXpress_SFPQt1Transcripts/uc009ylg.1.csv
514,./IonXpress_NONO_c_IonXpress_SFPQt1Transcripts/uc010cpg.1annotations.csv,./IonXpress_NONO_c_IonXpress_SFPQt1Transcripts/uc010cpg.1.csv
515,./IonXpress_NONO_c_IonXpress_SFPQt1Transcripts/uc001qfi.3annotations.csv,./IonXpress_NONO_c_IonXpress_SFPQt1Transcripts/uc001qfi.3.csv
516,./IonXpress_NONO_c_IonXpress_SFPQt1Transcripts/uc010anj.1annotations.csv,./IonXpress_NONO_c_IonXpress_SFPQt1Transcripts/uc010anj.1.csv
517,./IonXpress_NONO_c_IonXpress_SFPQt1Transcripts/uc001hwm.1annotations.csv,./IonXpress_NONO_c_IonXpress_SFPQt1Transcripts/uc001hwm.1.csv
518,./IonXpress_NONO_c_IonXpress_SFPQt1Transcripts/uc003gkb.4annotations.csv,./IonXpress_NONO_c_IonXpress_SFPQt1Transcripts/uc003gkb.4.csv
519,./IonXpress_NONO_c_IonXpress_SFPQt1Transcripts/uc031qct.1annotations.csv,./IonXpress_NONO_c_IonXpress_SFPQt1Transcripts/uc031qct.1.csv
520,./IonXpress_NONO_c_IonXpress_SFPQt1Transcripts/uc011lof.1annotations.csv,./IonXpress_NONO_c_IonXpress_SFPQt1Transcripts/uc011lof.1.csv
521,./IonXpress_NONO_c_IonXpress_SFPQt1Transcripts/uc001urb.2annotations.csv,./IonXpress_NONO_c_IonXpress_SFPQt1Transcripts/uc001urb.2.csv
522,./IonXpress_NONO_c_IonXpress_SFPQt1Transcripts/uc001cmk.1annotations.csv,./IonXpress_NONO_c_IonXpress_SFPQt1Transcripts/uc001cmk.1.csv
523,./IonXpress_NONO_c_IonXpress_SFPQt1Transcripts/uc002ptg.3annotations.csv,./IonXpress_NONO_c_IonXpress_SFPQt1Transcripts/uc002ptg.3.csv
524,./IonXpress_NONO_c_IonXpress_SFPQt1Transcripts/uc002pte.3annotations.csv,./IonXpress_NONO_c_IonXpress_SFPQt1Transcripts/uc002pte.3.csv
525,./IonXpress_NONO_c_IonXpress_SFPQt1Transcripts/uc010dgx.1annotations.csv,./IonXpress_NONO_c_IonXpress_SFPQt1Transcripts/uc010dgx.1.csv
526,./IonXpress_NONO_c_IonXpress_SFPQt1Transcripts/uc010vqw.2annotations.csv,./IonXpress_NONO_c_IonXpress_SFPQt1Transcripts/uc010vqw.2.csv
527,./IonXpress_NONO_c_IonXpress_SFPQt1Transcripts/uc011lod.1annotations.csv,./IonXpress_NONO_c_IonXpress_SFPQt1Transcripts/uc011lod.1.csv
528,./IonXpress_NONO_c_IonXpress_SFPQt1Transcripts/uc003yif.3annotations.csv,./IonXpress_NONO_c_IonXpress_SFPQt1Transcripts/uc003yif.3.csv
529,./IonXpress_NONO_c_IonXpress_SFPQt1Transcripts/uc003jtp.3annotations.csv,./IonXpress_NONO_c_IonXpress_SFPQt1Transcripts/uc003jtp.3.csv
530,./IonXpress_NONO_c_IonXpress_SFPQt1Transcripts/uc001tac.3annotations.csv,./IonXpress_NONO_c_IonXpress_SFPQt1Transcripts/uc001tac.3.csv
531,./IonXpress_NONO_c_IonXpress_SFPQt1Transcripts/uc001esb.2annotations.csv,./IonXpress_NONO_c_IonXpress_SFPQt1Transcripts/uc001esb.2.csv
532,./IonXpress_NONO_c_IonXpress_SFPQt1Transcripts/uc003rjx.2annotations.csv,./IonXpress_NONO_c_IonXpress_SFPQt1Transcripts/uc003rjx.2.csv
533,./IonXpress_NONO_c_IonXpress_SFPQt1Transcripts/uc010nwb.1annotations.csv,./IonXpress_NONO_c_IonXpress_SFPQt1Transcripts/uc010nwb.1.csv
534,./IonXpress_NONO_c_IonXpress_SFPQt1Transcripts/uc010nah.3annotations.csv,./IonXpress_NONO_c_IonXpress_SFPQt1Transcripts/uc010nah.3.csv
535,./IonXpress_NONO_c_IonXpress_SFPQt1Transcripts/uc002hcl.2annotations.csv,./IonXpress_NONO_c_IonXpress_SFPQt1Transcripts/uc002hcl.2.csv
536,./IonXpress_NONO_c_IonXpress_SFPQt1Transcripts/uc002hcj.1annotations.csv,./IonXpress_NONO_c_IonXpress_SFPQt1Transcripts/uc002hcj.1.csv
537,./IonXpress_NONO_c_IonXpress_SFPQt1Transcripts/uc003rjz.2annotations.csv,./IonXpress_NONO_c_IonXpress_SFPQt1Transcripts/uc003rjz.2.csv
538,./IonXpress_NONO_c_IonXpress_SFPQt1Transcripts/uc001pyo.3annotations.csv,./IonXpress_NONO_c_IonXpress_SFPQt1Transcripts/uc001pyo.3.csv
539,./IonXpress_NONO_c_IonXpress_SFPQt1Transcripts/uc002gql.1annotations.csv,./IonXpress_NONO_c_IonXpress_SFPQt1Transcripts/uc002gql.1.csv
540,./IonXpress_NONO_c_IonXpress_SFPQt1Transcripts/uc011mwf.1annotations.csv,./IonXpress_NONO_c_IonXpress_SFPQt1Transcripts/uc011mwf.1.csv
541,./IonXpress_NONO_c_IonXpress_SFPQt1Transcripts/uc011dmz.2annotations.csv,./IonXpress_NONO_c_IonXpress_SFPQt1Transcripts/uc011dmz.2.csv
