,File
0,./MiSeqSFPQc.csv_MiSeqNONOc.csvTranscripts/uc010pwa.1.csv
1,./MiSeqSFPQc.csv_MiSeqNONOc.csvTranscripts/uc002sbj.3.csv
2,./MiSeqSFPQc.csv_MiSeqNONOc.csvTranscripts/uc010iub.3.csv
3,./MiSeqSFPQc.csv_MiSeqNONOc.csvTranscripts/uc001sut.4.csv
4,./MiSeqSFPQc.csv_MiSeqNONOc.csvTranscripts/uc010ugm.1.csv
5,./MiSeqSFPQc.csv_MiSeqNONOc.csvTranscripts/uc011lfa.2.csv
6,./MiSeqSFPQc.csv_MiSeqNONOc.csvTranscripts/uc010odw.2.csv
7,./MiSeqSFPQc.csv_MiSeqNONOc.csvTranscripts/uc002ikd.3.csv
8,./MiSeqSFPQc.csv_MiSeqNONOc.csvTranscripts/uc002xun.4.csv
9,./MiSeqSFPQc.csv_MiSeqNONOc.csvTranscripts/uc002rnl.3.csv
10,./MiSeqSFPQc.csv_MiSeqNONOc.csvTranscripts/uc010qet.2.csv
11,./MiSeqSFPQc.csv_MiSeqNONOc.csvTranscripts/uc010ksi.1.csv
12,./MiSeqSFPQc.csv_MiSeqNONOc.csvTranscripts/uc003jhp.1.csv
13,./MiSeqSFPQc.csv_MiSeqNONOc.csvTranscripts/uc002rnj.3.csv
14,./MiSeqSFPQc.csv_MiSeqNONOc.csvTranscripts/uc031sil.1.csv
15,./MiSeqSFPQc.csv_MiSeqNONOc.csvTranscripts/uc031rct.1.csv
16,./MiSeqSFPQc.csv_MiSeqNONOc.csvTranscripts/uc021xqo.1.csv
17,./MiSeqSFPQc.csv_MiSeqNONOc.csvTranscripts/uc003hze.2.csv
18,./MiSeqSFPQc.csv_MiSeqNONOc.csvTranscripts/uc003ykr.2.csv
19,./MiSeqSFPQc.csv_MiSeqNONOc.csvTranscripts/uc001ibv.2.csv
20,./MiSeqSFPQc.csv_MiSeqNONOc.csvTranscripts/uc001hfr.4.csv
21,./MiSeqSFPQc.csv_MiSeqNONOc.csvTranscripts/uc003lvo.4.csv
22,./MiSeqSFPQc.csv_MiSeqNONOc.csvTranscripts/uc001pxl.2.csv
23,./MiSeqSFPQc.csv_MiSeqNONOc.csvTranscripts/uc011cmu.2.csv
24,./MiSeqSFPQc.csv_MiSeqNONOc.csvTranscripts/uc003slf.1.csv
25,./MiSeqSFPQc.csv_MiSeqNONOc.csvTranscripts/uc001iyw.4.csv
26,./MiSeqSFPQc.csv_MiSeqNONOc.csvTranscripts/uc010bxg.3.csv
27,./MiSeqSFPQc.csv_MiSeqNONOc.csvTranscripts/uc001hgc.3.csv
28,./MiSeqSFPQc.csv_MiSeqNONOc.csvTranscripts/uc001onw.3.csv
29,./MiSeqSFPQc.csv_MiSeqNONOc.csvTranscripts/uc003slh.1.csv
30,./MiSeqSFPQc.csv_MiSeqNONOc.csvTranscripts/uc021zic.1.csv
31,./MiSeqSFPQc.csv_MiSeqNONOc.csvTranscripts/uc021pmm.1.csv
32,./MiSeqSFPQc.csv_MiSeqNONOc.csvTranscripts/uc021ymj.2.csv
33,./MiSeqSFPQc.csv_MiSeqNONOc.csvTranscripts/uc001onu.3.csv
34,./MiSeqSFPQc.csv_MiSeqNONOc.csvTranscripts/uc001pyw.2.csv
35,./MiSeqSFPQc.csv_MiSeqNONOc.csvTranscripts/uc011lqh.2.csv
36,./MiSeqSFPQc.csv_MiSeqNONOc.csvTranscripts/uc002hnp.1.csv
37,./MiSeqSFPQc.csv_MiSeqNONOc.csvTranscripts/uc003xrf.4.csv
38,./MiSeqSFPQc.csv_MiSeqNONOc.csvTranscripts/uc003hzg.4.csv
39,./MiSeqSFPQc.csv_MiSeqNONOc.csvTranscripts/uc003vcw.1.csv
40,./MiSeqSFPQc.csv_MiSeqNONOc.csvTranscripts/uc003pjp.2.csv
41,./MiSeqSFPQc.csv_MiSeqNONOc.csvTranscripts/uc010pvz.1.csv
42,./MiSeqSFPQc.csv_MiSeqNONOc.csvTranscripts/uc010xcj.1.csv
43,./MiSeqSFPQc.csv_MiSeqNONOc.csvTranscripts/uc031sij.1.csv
44,./MiSeqSFPQc.csv_MiSeqNONOc.csvTranscripts/uc011bpz.2.csv
45,./MiSeqSFPQc.csv_MiSeqNONOc.csvTranscripts/uc003jdx.1.csv
46,./MiSeqSFPQc.csv_MiSeqNONOc.csvTranscripts/uc003jau.2.csv
47,./MiSeqSFPQc.csv_MiSeqNONOc.csvTranscripts/uc002aed.3.csv
48,./MiSeqSFPQc.csv_MiSeqNONOc.csvTranscripts/uc003wyz.3.csv
49,./MiSeqSFPQc.csv_MiSeqNONOc.csvTranscripts/uc001hgg.3.csv
50,./MiSeqSFPQc.csv_MiSeqNONOc.csvTranscripts/uc003ysj.3.csv
51,./MiSeqSFPQc.csv_MiSeqNONOc.csvTranscripts/uc009yrj.3.csv
52,./MiSeqSFPQc.csv_MiSeqNONOc.csvTranscripts/uc001doa.4.csv
53,./MiSeqSFPQc.csv_MiSeqNONOc.csvTranscripts/uc010ndq.3.csv
54,./MiSeqSFPQc.csv_MiSeqNONOc.csvTranscripts/uc004eud.3.csv
55,./MiSeqSFPQc.csv_MiSeqNONOc.csvTranscripts/uc011loe.1.csv
56,./MiSeqSFPQc.csv_MiSeqNONOc.csvTranscripts/uc002fck.3.csv
57,./MiSeqSFPQc.csv_MiSeqNONOc.csvTranscripts/uc004csq.4.csv
58,./MiSeqSFPQc.csv_MiSeqNONOc.csvTranscripts/uc003esb.2.csv
59,./MiSeqSFPQc.csv_MiSeqNONOc.csvTranscripts/uc022bqs.1.csv
60,./MiSeqSFPQc.csv_MiSeqNONOc.csvTranscripts/uc011mfc.2.csv
61,./MiSeqSFPQc.csv_MiSeqNONOc.csvTranscripts/uc003jas.3.csv
62,./MiSeqSFPQc.csv_MiSeqNONOc.csvTranscripts/uc003xyk.3.csv
63,./MiSeqSFPQc.csv_MiSeqNONOc.csvTranscripts/uc002rum.3.csv
64,./MiSeqSFPQc.csv_MiSeqNONOc.csvTranscripts/uc031tds.1.csv
65,./MiSeqSFPQc.csv_MiSeqNONOc.csvTranscripts/uc002dmm.3.csv
66,./MiSeqSFPQc.csv_MiSeqNONOc.csvTranscripts/uc010stk.2.csv
67,./MiSeqSFPQc.csv_MiSeqNONOc.csvTranscripts/uc010yqw.1.csv
68,./MiSeqSFPQc.csv_MiSeqNONOc.csvTranscripts/uc010fcl.3.csv
69,./MiSeqSFPQc.csv_MiSeqNONOc.csvTranscripts/uc003ysb.3.csv
70,./MiSeqSFPQc.csv_MiSeqNONOc.csvTranscripts/uc011lkk.2.csv
71,./MiSeqSFPQc.csv_MiSeqNONOc.csvTranscripts/uc010ypn.2.csv
72,./MiSeqSFPQc.csv_MiSeqNONOc.csvTranscripts/uc003ezo.3.csv
73,./MiSeqSFPQc.csv_MiSeqNONOc.csvTranscripts/uc011aaq.2.csv
74,./MiSeqSFPQc.csv_MiSeqNONOc.csvTranscripts/uc011lki.2.csv
75,./MiSeqSFPQc.csv_MiSeqNONOc.csvTranscripts/uc003csb.2.csv
76,./MiSeqSFPQc.csv_MiSeqNONOc.csvTranscripts/uc003pdl.4.csv
77,./MiSeqSFPQc.csv_MiSeqNONOc.csvTranscripts/uc003ysl.3.csv
78,./MiSeqSFPQc.csv_MiSeqNONOc.csvTranscripts/uc010xrv.2.csv
79,./MiSeqSFPQc.csv_MiSeqNONOc.csvTranscripts/uc003pdn.2.csv
80,./MiSeqSFPQc.csv_MiSeqNONOc.csvTranscripts/uc003jhh.2.csv
81,./MiSeqSFPQc.csv_MiSeqNONOc.csvTranscripts/uc010rqd.2.csv
82,./MiSeqSFPQc.csv_MiSeqNONOc.csvTranscripts/uc031tdo.1.csv
83,./MiSeqSFPQc.csv_MiSeqNONOc.csvTranscripts/uc011clz.1.csv
84,./MiSeqSFPQc.csv_MiSeqNONOc.csvTranscripts/uc010ndr.3.csv
85,./MiSeqSFPQc.csv_MiSeqNONOc.csvTranscripts/uc011cnn.1.csv
86,./MiSeqSFPQc.csv_MiSeqNONOc.csvTranscripts/uc002isq.3.csv
87,./MiSeqSFPQc.csv_MiSeqNONOc.csvTranscripts/uc001kmp.3.csv
88,./MiSeqSFPQc.csv_MiSeqNONOc.csvTranscripts/uc003qup.1.csv
89,./MiSeqSFPQc.csv_MiSeqNONOc.csvTranscripts/uc002ikn.1.csv
90,./MiSeqSFPQc.csv_MiSeqNONOc.csvTranscripts/uc011bbc.1.csv
91,./MiSeqSFPQc.csv_MiSeqNONOc.csvTranscripts/uc003wza.3.csv
92,./MiSeqSFPQc.csv_MiSeqNONOc.csvTranscripts/uc003ezp.3.csv
93,./MiSeqSFPQc.csv_MiSeqNONOc.csvTranscripts/uc003ihi.2.csv
94,./MiSeqSFPQc.csv_MiSeqNONOc.csvTranscripts/uc003kol.3.csv
95,./MiSeqSFPQc.csv_MiSeqNONOc.csvTranscripts/uc001hvy.1.csv
96,./MiSeqSFPQc.csv_MiSeqNONOc.csvTranscripts/uc010mlt.3.csv
97,./MiSeqSFPQc.csv_MiSeqNONOc.csvTranscripts/uc001hgm.3.csv
98,./MiSeqSFPQc.csv_MiSeqNONOc.csvTranscripts/uc010rog.2.csv
99,./MiSeqSFPQc.csv_MiSeqNONOc.csvTranscripts/uc010mdp.2.csv
100,./MiSeqSFPQc.csv_MiSeqNONOc.csvTranscripts/uc001odz.3.csv
101,./MiSeqSFPQc.csv_MiSeqNONOc.csvTranscripts/uc001hgi.3.csv
102,./MiSeqSFPQc.csv_MiSeqNONOc.csvTranscripts/uc003nda.2.csv
103,./MiSeqSFPQc.csv_MiSeqNONOc.csvTranscripts/uc001mty.3.csv
104,./MiSeqSFPQc.csv_MiSeqNONOc.csvTranscripts/uc002aeb.3.csv
105,./MiSeqSFPQc.csv_MiSeqNONOc.csvTranscripts/uc009vqk.3.csv
106,./MiSeqSFPQc.csv_MiSeqNONOc.csvTranscripts/uc002hnm.3.csv
107,./MiSeqSFPQc.csv_MiSeqNONOc.csvTranscripts/uc002nvf.3.csv
108,./MiSeqSFPQc.csv_MiSeqNONOc.csvTranscripts/uc003zxh.2.csv
109,./MiSeqSFPQc.csv_MiSeqNONOc.csvTranscripts/uc001aje.2.csv
110,./MiSeqSFPQc.csv_MiSeqNONOc.csvTranscripts/uc003jbf.3.csv
111,./MiSeqSFPQc.csv_MiSeqNONOc.csvTranscripts/uc002iss.3.csv
112,./MiSeqSFPQc.csv_MiSeqNONOc.csvTranscripts/uc011bmf.2.csv
113,./MiSeqSFPQc.csv_MiSeqNONOc.csvTranscripts/uc004cov.5.csv
114,./MiSeqSFPQc.csv_MiSeqNONOc.csvTranscripts/uc021vew.1.csv
115,./MiSeqSFPQc.csv_MiSeqNONOc.csvTranscripts/uc010wmw.2.csv
116,./MiSeqSFPQc.csv_MiSeqNONOc.csvTranscripts/uc004cer.3.csv
117,./MiSeqSFPQc.csv_MiSeqNONOc.csvTranscripts/uc002sia.3.csv
118,./MiSeqSFPQc.csv_MiSeqNONOc.csvTranscripts/uc011log.1.csv
119,./MiSeqSFPQc.csv_MiSeqNONOc.csvTranscripts/uc003csf.3.csv
120,./MiSeqSFPQc.csv_MiSeqNONOc.csvTranscripts/uc002fng.1.csv
121,./MiSeqSFPQc.csv_MiSeqNONOc.csvTranscripts/uc031rcw.1.csv
122,./MiSeqSFPQc.csv_MiSeqNONOc.csvTranscripts/uc002xuj.3.csv
123,./MiSeqSFPQc.csv_MiSeqNONOc.csvTranscripts/uc022bah.1.csv
124,./MiSeqSFPQc.csv_MiSeqNONOc.csvTranscripts/uc002fne.4.csv
125,./MiSeqSFPQc.csv_MiSeqNONOc.csvTranscripts/uc031rco.1.csv
126,./MiSeqSFPQc.csv_MiSeqNONOc.csvTranscripts/uc002fnc.2.csv
127,./MiSeqSFPQc.csv_MiSeqNONOc.csvTranscripts/uc004cob.1.csv
128,./MiSeqSFPQc.csv_MiSeqNONOc.csvTranscripts/uc011kug.2.csv
129,./MiSeqSFPQc.csv_MiSeqNONOc.csvTranscripts/uc031rcm.1.csv
130,./MiSeqSFPQc.csv_MiSeqNONOc.csvTranscripts/uc021ygh.2.csv
131,./MiSeqSFPQc.csv_MiSeqNONOc.csvTranscripts/uc001ebk.3.csv
132,./MiSeqSFPQc.csv_MiSeqNONOc.csvTranscripts/uc001zeu.3.csv
133,./MiSeqSFPQc.csv_MiSeqNONOc.csvTranscripts/uc003fiy.2.csv
134,./MiSeqSFPQc.csv_MiSeqNONOc.csvTranscripts/uc003yyt.3.csv
135,./MiSeqSFPQc.csv_MiSeqNONOc.csvTranscripts/uc003wwu.3.csv
136,./MiSeqSFPQc.csv_MiSeqNONOc.csvTranscripts/uc011loc.1.csv
137,./MiSeqSFPQc.csv_MiSeqNONOc.csvTranscripts/uc002shx.3.csv
138,./MiSeqSFPQc.csv_MiSeqNONOc.csvTranscripts/uc003ztr.2.csv
139,./MiSeqSFPQc.csv_MiSeqNONOc.csvTranscripts/uc003yyr.3.csv
140,./MiSeqSFPQc.csv_MiSeqNONOc.csvTranscripts/uc011kui.2.csv
141,./MiSeqSFPQc.csv_MiSeqNONOc.csvTranscripts/uc003ufs.2.csv
142,./MiSeqSFPQc.csv_MiSeqNONOc.csvTranscripts/uc031rcs.1.csv
143,./MiSeqSFPQc.csv_MiSeqNONOc.csvTranscripts/uc021qmb.1.csv
144,./MiSeqSFPQc.csv_MiSeqNONOc.csvTranscripts/uc003wfc.2.csv
145,./MiSeqSFPQc.csv_MiSeqNONOc.csvTranscripts/uc021pwo.1.csv
146,./MiSeqSFPQc.csv_MiSeqNONOc.csvTranscripts/uc002kkf.1.csv
147,./MiSeqSFPQc.csv_MiSeqNONOc.csvTranscripts/uc031rcq.1.csv
148,./MiSeqSFPQc.csv_MiSeqNONOc.csvTranscripts/uc002fmx.2.csv
149,./MiSeqSFPQc.csv_MiSeqNONOc.csvTranscripts/uc010jie.1.csv
150,./MiSeqSFPQc.csv_MiSeqNONOc.csvTranscripts/uc003ezm.3.csv
151,./MiSeqSFPQc.csv_MiSeqNONOc.csvTranscripts/uc004euc.3.csv
152,./MiSeqSFPQc.csv_MiSeqNONOc.csvTranscripts/uc002shz.3.csv
153,./MiSeqSFPQc.csv_MiSeqNONOc.csvTranscripts/uc001set.3.csv
154,./MiSeqSFPQc.csv_MiSeqNONOc.csvTranscripts/uc004eua.3.csv
155,./MiSeqSFPQc.csv_MiSeqNONOc.csvTranscripts/uc010wyr.1.csv
156,./MiSeqSFPQc.csv_MiSeqNONOc.csvTranscripts/uc010ymp.2.csv
157,./MiSeqSFPQc.csv_MiSeqNONOc.csvTranscripts/uc031rck.1.csv
158,./MiSeqSFPQc.csv_MiSeqNONOc.csvTranscripts/uc001bgp.4.csv
159,./MiSeqSFPQc.csv_MiSeqNONOc.csvTranscripts/uc002hdx.4.csv
160,./MiSeqSFPQc.csv_MiSeqNONOc.csvTranscripts/uc031rci.1.csv
161,./MiSeqSFPQc.csv_MiSeqNONOc.csvTranscripts/uc003fiw.4.csv
162,./MiSeqSFPQc.csv_MiSeqNONOc.csvTranscripts/uc001ebi.3.csv
163,./MiSeqSFPQc.csv_MiSeqNONOc.csvTranscripts/uc004etz.4.csv
164,./MiSeqSFPQc.csv_MiSeqNONOc.csvTranscripts/uc001bgr.4.csv
165,./MiSeqSFPQc.csv_MiSeqNONOc.csvTranscripts/uc003csg.3.csv
166,./MiSeqSFPQc.csv_MiSeqNONOc.csvTranscripts/uc010bfs.3.csv
167,./MiSeqSFPQc.csv_MiSeqNONOc.csvTranscripts/uc003yyv.3.csv
168,./MiSeqSFPQc.csv_MiSeqNONOc.csvTranscripts/uc003qee.4.csv
169,./MiSeqSFPQc.csv_MiSeqNONOc.csvTranscripts/uc009vyw.1.csv
170,./MiSeqSFPQc.csv_MiSeqNONOc.csvTranscripts/uc001vxa.1.csv
171,./MiSeqSFPQc.csv_MiSeqNONOc.csvTranscripts/uc001pyx.2.csv
172,./MiSeqSFPQc.csv_MiSeqNONOc.csvTranscripts/uc002nat.3.csv
173,./MiSeqSFPQc.csv_MiSeqNONOc.csvTranscripts/uc010osv.1.csv
174,./MiSeqSFPQc.csv_MiSeqNONOc.csvTranscripts/uc011ecs.2.csv
175,./MiSeqSFPQc.csv_MiSeqNONOc.csvTranscripts/uc011bmh.2.csv
176,./MiSeqSFPQc.csv_MiSeqNONOc.csvTranscripts/uc001xlt.2.csv
177,./MiSeqSFPQc.csv_MiSeqNONOc.csvTranscripts/uc011byq.2.csv
178,./MiSeqSFPQc.csv_MiSeqNONOc.csvTranscripts/uc003qec.4.csv
179,./MiSeqSFPQc.csv_MiSeqNONOc.csvTranscripts/uc011ecq.2.csv
180,./MiSeqSFPQc.csv_MiSeqNONOc.csvTranscripts/uc010lzb.3.csv
181,./MiSeqSFPQc.csv_MiSeqNONOc.csvTranscripts/uc001aif.3.csv
182,./MiSeqSFPQc.csv_MiSeqNONOc.csvTranscripts/uc001onx.3.csv
183,./MiSeqSFPQc.csv_MiSeqNONOc.csvTranscripts/uc004eue.3.csv
184,./MiSeqSFPQc.csv_MiSeqNONOc.csvTranscripts/uc011mpt.1.csv
185,./MiSeqSFPQc.csv_MiSeqNONOc.csvTranscripts/uc003crq.2.csv
186,./MiSeqSFPQc.csv_MiSeqNONOc.csvTranscripts/uc010jbr.1.csv
187,./MiSeqSFPQc.csv_MiSeqNONOc.csvTranscripts/uc001suu.4.csv
188,./MiSeqSFPQc.csv_MiSeqNONOc.csvTranscripts/uc010nlq.1.csv
189,./MiSeqSFPQc.csv_MiSeqNONOc.csvTranscripts/uc001iyu.4.csv
190,./MiSeqSFPQc.csv_MiSeqNONOc.csvTranscripts/uc021shu.1.csv
191,./MiSeqSFPQc.csv_MiSeqNONOc.csvTranscripts/uc003dhz.3.csv
192,./MiSeqSFPQc.csv_MiSeqNONOc.csvTranscripts/uc021xrw.1.csv
193,./MiSeqSFPQc.csv_MiSeqNONOc.csvTranscripts/uc001chs.3.csv
194,./MiSeqSFPQc.csv_MiSeqNONOc.csvTranscripts/uc010lam.1.csv
195,./MiSeqSFPQc.csv_MiSeqNONOc.csvTranscripts/uc010snu.2.csv
196,./MiSeqSFPQc.csv_MiSeqNONOc.csvTranscripts/uc003pek.3.csv
197,./MiSeqSFPQc.csv_MiSeqNONOc.csvTranscripts/uc002ttj.3.csv
198,./MiSeqSFPQc.csv_MiSeqNONOc.csvTranscripts/uc003ezi.3.csv
199,./MiSeqSFPQc.csv_MiSeqNONOc.csvTranscripts/uc002sbk.3.csv
200,./MiSeqSFPQc.csv_MiSeqNONOc.csvTranscripts/uc002fgp.3.csv
201,./MiSeqSFPQc.csv_MiSeqNONOc.csvTranscripts/uc031rcu.1.csv
202,./MiSeqSFPQc.csv_MiSeqNONOc.csvTranscripts/uc002xvu.1.csv
203,./MiSeqSFPQc.csv_MiSeqNONOc.csvTranscripts/uc003yks.2.csv
204,./MiSeqSFPQc.csv_MiSeqNONOc.csvTranscripts/uc001oiw.2.csv
205,./MiSeqSFPQc.csv_MiSeqNONOc.csvTranscripts/uc011cmn.2.csv
206,./MiSeqSFPQc.csv_MiSeqNONOc.csvTranscripts/uc003oli.3.csv
207,./MiSeqSFPQc.csv_MiSeqNONOc.csvTranscripts/uc003jkl.4.csv
208,./MiSeqSFPQc.csv_MiSeqNONOc.csvTranscripts/uc003gut.4.csv
209,./MiSeqSFPQc.csv_MiSeqNONOc.csvTranscripts/uc003tlw.3.csv
210,./MiSeqSFPQc.csv_MiSeqNONOc.csvTranscripts/uc021qdx.1.csv
211,./MiSeqSFPQc.csv_MiSeqNONOc.csvTranscripts/uc011cmv.2.csv
212,./MiSeqSFPQc.csv_MiSeqNONOc.csvTranscripts/uc001cse.1.csv
213,./MiSeqSFPQc.csv_MiSeqNONOc.csvTranscripts/uc010odx.2.csv
214,./MiSeqSFPQc.csv_MiSeqNONOc.csvTranscripts/uc010xrw.2.csv
215,./MiSeqSFPQc.csv_MiSeqNONOc.csvTranscripts/uc002dja.3.csv
216,./MiSeqSFPQc.csv_MiSeqNONOc.csvTranscripts/uc002bul.3.csv
217,./MiSeqSFPQc.csv_MiSeqNONOc.csvTranscripts/uc001onv.3.csv
218,./MiSeqSFPQc.csv_MiSeqNONOc.csvTranscripts/uc003ezj.3.csv
219,./MiSeqSFPQc.csv_MiSeqNONOc.csvTranscripts/uc031tci.1.csv
220,./MiSeqSFPQc.csv_MiSeqNONOc.csvTranscripts/uc003xek.3.csv
221,./MiSeqSFPQc.csv_MiSeqNONOc.csvTranscripts/uc003dhx.3.csv
222,./MiSeqSFPQc.csv_MiSeqNONOc.csvTranscripts/uc003jgh.5.csv
223,./MiSeqSFPQc.csv_MiSeqNONOc.csvTranscripts/uc003xre.4.csv
224,./MiSeqSFPQc.csv_MiSeqNONOc.csvTranscripts/uc003wyy.3.csv
225,./MiSeqSFPQc.csv_MiSeqNONOc.csvTranscripts/uc001qzj.4.csv
226,./MiSeqSFPQc.csv_MiSeqNONOc.csvTranscripts/uc003jat.1.csv
227,./MiSeqSFPQc.csv_MiSeqNONOc.csvTranscripts/uc010pvy.1.csv
228,./MiSeqSFPQc.csv_MiSeqNONOc.csvTranscripts/uc001hfq.4.csv
229,./MiSeqSFPQc.csv_MiSeqNONOc.csvTranscripts/uc003jfg.3.csv
230,./MiSeqSFPQc.csv_MiSeqNONOc.csvTranscripts/uc021xqp.2.csv
231,./MiSeqSFPQc.csv_MiSeqNONOc.csvTranscripts/uc001qzb.4.csv
232,./MiSeqSFPQc.csv_MiSeqNONOc.csvTranscripts/uc002fcl.3.csv
233,./MiSeqSFPQc.csv_MiSeqNONOc.csvTranscripts/uc010mnd.3.csv
234,./MiSeqSFPQc.csv_MiSeqNONOc.csvTranscripts/uc003jet.2.csv
235,./MiSeqSFPQc.csv_MiSeqNONOc.csvTranscripts/uc003xeu.3.csv
236,./MiSeqSFPQc.csv_MiSeqNONOc.csvTranscripts/uc003sle.1.csv
237,./MiSeqSFPQc.csv_MiSeqNONOc.csvTranscripts/uc022bqt.1.csv
238,./MiSeqSFPQc.csv_MiSeqNONOc.csvTranscripts/uc009vql.3.csv
239,./MiSeqSFPQc.csv_MiSeqNONOc.csvTranscripts/uc003jhg.2.csv
240,./MiSeqSFPQc.csv_MiSeqNONOc.csvTranscripts/uc001hgp.3.csv
241,./MiSeqSFPQc.csv_MiSeqNONOc.csvTranscripts/uc010ksj.3.csv
242,./MiSeqSFPQc.csv_MiSeqNONOc.csvTranscripts/uc003zzq.3.csv
243,./MiSeqSFPQc.csv_MiSeqNONOc.csvTranscripts/uc001iyx.4.csv
244,./MiSeqSFPQc.csv_MiSeqNONOc.csvTranscripts/uc004cos.5.csv
245,./MiSeqSFPQc.csv_MiSeqNONOc.csvTranscripts/uc002iko.4.csv
246,./MiSeqSFPQc.csv_MiSeqNONOc.csvTranscripts/uc022asi.1.csv
247,./MiSeqSFPQc.csv_MiSeqNONOc.csvTranscripts/uc010ksh.1.csv
248,./MiSeqSFPQc.csv_MiSeqNONOc.csvTranscripts/uc010ugn.1.csv
249,./MiSeqSFPQc.csv_MiSeqNONOc.csvTranscripts/uc001qzf.2.csv
250,./MiSeqSFPQc.csv_MiSeqNONOc.csvTranscripts/uc003hzh.2.csv
251,./MiSeqSFPQc.csv_MiSeqNONOc.csvTranscripts/uc004chz.3.csv
252,./MiSeqSFPQc.csv_MiSeqNONOc.csvTranscripts/uc003iqj.3.csv
253,./MiSeqSFPQc.csv_MiSeqNONOc.csvTranscripts/uc003vcv.4.csv
254,./MiSeqSFPQc.csv_MiSeqNONOc.csvTranscripts/uc001kmo.3.csv
255,./MiSeqSFPQc.csv_MiSeqNONOc.csvTranscripts/uc002fmy.2.csv
256,./MiSeqSFPQc.csv_MiSeqNONOc.csvTranscripts/uc003hzd.4.csv
257,./MiSeqSFPQc.csv_MiSeqNONOc.csvTranscripts/uc003pdm.2.csv
258,./MiSeqSFPQc.csv_MiSeqNONOc.csvTranscripts/uc003slg.1.csv
259,./MiSeqSFPQc.csv_MiSeqNONOc.csvTranscripts/uc003ysa.2.csv
260,./MiSeqSFPQc.csv_MiSeqNONOc.csvTranscripts/uc004csr.3.csv
261,./MiSeqSFPQc.csv_MiSeqNONOc.csvTranscripts/uc003nim.2.csv
262,./MiSeqSFPQc.csv_MiSeqNONOc.csvTranscripts/uc003jhi.2.csv
263,./MiSeqSFPQc.csv_MiSeqNONOc.csvTranscripts/uc001iyv.4.csv
264,./MiSeqSFPQc.csv_MiSeqNONOc.csvTranscripts/uc011bbf.1.csv
265,./MiSeqSFPQc.csv_MiSeqNONOc.csvTranscripts/uc002aea.3.csv
266,./MiSeqSFPQc.csv_MiSeqNONOc.csvTranscripts/uc010bxf.3.csv
267,./MiSeqSFPQc.csv_MiSeqNONOc.csvTranscripts/uc001kmq.3.csv
268,./MiSeqSFPQc.csv_MiSeqNONOc.csvTranscripts/uc011bbd.1.csv
269,./MiSeqSFPQc.csv_MiSeqNONOc.csvTranscripts/uc001hgl.3.csv
270,./MiSeqSFPQc.csv_MiSeqNONOc.csvTranscripts/uc003esa.2.csv
271,./MiSeqSFPQc.csv_MiSeqNONOc.csvTranscripts/uc002isp.2.csv
272,./MiSeqSFPQc.csv_MiSeqNONOc.csvTranscripts/uc002kcn.3.csv
273,./MiSeqSFPQc.csv_MiSeqNONOc.csvTranscripts/uc003sli.1.csv
274,./MiSeqSFPQc.csv_MiSeqNONOc.csvTranscripts/uc003esc.2.csv
275,./MiSeqSFPQc.csv_MiSeqNONOc.csvTranscripts/uc010iqw.1.csv
276,./MiSeqSFPQc.csv_MiSeqNONOc.csvTranscripts/uc031qgg.1.csv
277,./MiSeqSFPQc.csv_MiSeqNONOc.csvTranscripts/uc010kyl.4.csv
278,./MiSeqSFPQc.csv_MiSeqNONOc.csvTranscripts/uc003hzf.4.csv
279,./MiSeqSFPQc.csv_MiSeqNONOc.csvTranscripts/uc009ysh.3.csv
280,./MiSeqSFPQc.csv_MiSeqNONOc.csvTranscripts/uc004eaa.2.csv
281,./MiSeqSFPQc.csv_MiSeqNONOc.csvTranscripts/uc002fnh.1.csv
282,./MiSeqSFPQc.csv_MiSeqNONOc.csvTranscripts/uc021vex.1.csv
283,./MiSeqSFPQc.csv_MiSeqNONOc.csvTranscripts/uc031sik.1.csv
284,./MiSeqSFPQc.csv_MiSeqNONOc.csvTranscripts/uc001hgj.3.csv
285,./MiSeqSFPQc.csv_MiSeqNONOc.csvTranscripts/uc004eab.2.csv
286,./MiSeqSFPQc.csv_MiSeqNONOc.csvTranscripts/uc009xce.3.csv
287,./MiSeqSFPQc.csv_MiSeqNONOc.csvTranscripts/uc003umx.1.csv
288,./MiSeqSFPQc.csv_MiSeqNONOc.csvTranscripts/uc021tel.1.csv
289,./MiSeqSFPQc.csv_MiSeqNONOc.csvTranscripts/uc001hgh.3.csv
290,./MiSeqSFPQc.csv_MiSeqNONOc.csvTranscripts/uc003pdk.2.csv
291,./MiSeqSFPQc.csv_MiSeqNONOc.csvTranscripts/uc003dhu.3.csv
292,./MiSeqSFPQc.csv_MiSeqNONOc.csvTranscripts/uc009yrk.3.csv
293,./MiSeqSFPQc.csv_MiSeqNONOc.csvTranscripts/uc009zat.3.csv
294,./MiSeqSFPQc.csv_MiSeqNONOc.csvTranscripts/uc011cna.1.csv
295,./MiSeqSFPQc.csv_MiSeqNONOc.csvTranscripts/uc002ikc.3.csv
296,./MiSeqSFPQc.csv_MiSeqNONOc.csvTranscripts/uc010bon.3.csv
297,./MiSeqSFPQc.csv_MiSeqNONOc.csvTranscripts/uc011egl.1.csv
298,./MiSeqSFPQc.csv_MiSeqNONOc.csvTranscripts/uc002hno.3.csv
299,./MiSeqSFPQc.csv_MiSeqNONOc.csvTranscripts/uc002iuz.1.csv
300,./MiSeqSFPQc.csv_MiSeqNONOc.csvTranscripts/uc011bmg.2.csv
301,./MiSeqSFPQc.csv_MiSeqNONOc.csvTranscripts/uc001reh.2.csv
302,./MiSeqSFPQc.csv_MiSeqNONOc.csvTranscripts/uc009xmb.3.csv
303,./MiSeqSFPQc.csv_MiSeqNONOc.csvTranscripts/uc002rnk.1.csv
304,./MiSeqSFPQc.csv_MiSeqNONOc.csvTranscripts/uc010roh.3.csv
305,./MiSeqSFPQc.csv_MiSeqNONOc.csvTranscripts/uc002isr.3.csv
306,./MiSeqSFPQc.csv_MiSeqNONOc.csvTranscripts/uc002lal.1.csv
307,./MiSeqSFPQc.csv_MiSeqNONOc.csvTranscripts/uc021qrm.1.csv
308,./MiSeqSFPQc.csv_MiSeqNONOc.csvTranscripts/uc003xyl.3.csv
309,./MiSeqSFPQc.csv_MiSeqNONOc.csvTranscripts/uc001zev.3.csv
310,./MiSeqSFPQc.csv_MiSeqNONOc.csvTranscripts/uc001ajf.2.csv
311,./MiSeqSFPQc.csv_MiSeqNONOc.csvTranscripts/uc002hnq.2.csv
312,./MiSeqSFPQc.csv_MiSeqNONOc.csvTranscripts/uc002fnd.3.csv
313,./MiSeqSFPQc.csv_MiSeqNONOc.csvTranscripts/uc022bgu.1.csv
314,./MiSeqSFPQc.csv_MiSeqNONOc.csvTranscripts/uc011dyx.1.csv
315,./MiSeqSFPQc.csv_MiSeqNONOc.csvTranscripts/uc004coa.3.csv
316,./MiSeqSFPQc.csv_MiSeqNONOc.csvTranscripts/uc002xum.4.csv
317,./MiSeqSFPQc.csv_MiSeqNONOc.csvTranscripts/uc002xuo.3.csv
318,./MiSeqSFPQc.csv_MiSeqNONOc.csvTranscripts/uc003yys.3.csv
319,./MiSeqSFPQc.csv_MiSeqNONOc.csvTranscripts/uc021ygi.1.csv
320,./MiSeqSFPQc.csv_MiSeqNONOc.csvTranscripts/uc003zzs.1.csv
321,./MiSeqSFPQc.csv_MiSeqNONOc.csvTranscripts/uc003yyu.3.csv
322,./MiSeqSFPQc.csv_MiSeqNONOc.csvTranscripts/uc011kuj.2.csv
323,./MiSeqSFPQc.csv_MiSeqNONOc.csvTranscripts/uc002shy.3.csv
324,./MiSeqSFPQc.csv_MiSeqNONOc.csvTranscripts/uc001sbh.4.csv
325,./MiSeqSFPQc.csv_MiSeqNONOc.csvTranscripts/uc011kuh.2.csv
326,./MiSeqSFPQc.csv_MiSeqNONOc.csvTranscripts/uc003quq.5.csv
327,./MiSeqSFPQc.csv_MiSeqNONOc.csvTranscripts/uc003csc.3.csv
328,./MiSeqSFPQc.csv_MiSeqNONOc.csvTranscripts/uc010psf.2.csv
329,./MiSeqSFPQc.csv_MiSeqNONOc.csvTranscripts/uc002jfo.1.csv
330,./MiSeqSFPQc.csv_MiSeqNONOc.csvTranscripts/uc021qve.1.csv
331,./MiSeqSFPQc.csv_MiSeqNONOc.csvTranscripts/uc003ztq.1.csv
332,./MiSeqSFPQc.csv_MiSeqNONOc.csvTranscripts/uc002yeh.3.csv
333,./MiSeqSFPQc.csv_MiSeqNONOc.csvTranscripts/uc003wfb.2.csv
334,./MiSeqSFPQc.csv_MiSeqNONOc.csvTranscripts/uc011lkl.2.csv
335,./MiSeqSFPQc.csv_MiSeqNONOc.csvTranscripts/uc003ezn.3.csv
336,./MiSeqSFPQc.csv_MiSeqNONOc.csvTranscripts/uc001ebl.3.csv
337,./MiSeqSFPQc.csv_MiSeqNONOc.csvTranscripts/uc003ezl.3.csv
338,./MiSeqSFPQc.csv_MiSeqNONOc.csvTranscripts/uc031ptb.1.csv
339,./MiSeqSFPQc.csv_MiSeqNONOc.csvTranscripts/uc002kcm.3.csv
340,./MiSeqSFPQc.csv_MiSeqNONOc.csvTranscripts/uc003wfd.2.csv
341,./MiSeqSFPQc.csv_MiSeqNONOc.csvTranscripts/uc004eub.3.csv
342,./MiSeqSFPQc.csv_MiSeqNONOc.csvTranscripts/uc009xcf.3.csv
343,./MiSeqSFPQc.csv_MiSeqNONOc.csvTranscripts/uc001seu.3.csv
344,./MiSeqSFPQc.csv_MiSeqNONOc.csvTranscripts/uc001pak.2.csv
345,./MiSeqSFPQc.csv_MiSeqNONOc.csvTranscripts/uc003jff.3.csv
346,./MiSeqSFPQc.csv_MiSeqNONOc.csvTranscripts/uc010dav.3.csv
347,./MiSeqSFPQc.csv_MiSeqNONOc.csvTranscripts/uc011mpw.2.csv
348,./MiSeqSFPQc.csv_MiSeqNONOc.csvTranscripts/uc009zmp.1.csv
349,./MiSeqSFPQc.csv_MiSeqNONOc.csvTranscripts/uc004cam.1.csv
350,./MiSeqSFPQc.csv_MiSeqNONOc.csvTranscripts/uc002iva.3.csv
351,./MiSeqSFPQc.csv_MiSeqNONOc.csvTranscripts/uc001ses.3.csv
352,./MiSeqSFPQc.csv_MiSeqNONOc.csvTranscripts/uc002aec.3.csv
353,./MiSeqSFPQc.csv_MiSeqNONOc.csvTranscripts/uc010rpj.2.csv
354,./MiSeqSFPQc.csv_MiSeqNONOc.csvTranscripts/uc003fix.4.csv
355,./MiSeqSFPQc.csv_MiSeqNONOc.csvTranscripts/uc002shw.3.csv
356,./MiSeqSFPQc.csv_MiSeqNONOc.csvTranscripts/uc010urq.2.csv
357,./MiSeqSFPQc.csv_MiSeqNONOc.csvTranscripts/uc009vky.3.csv
358,./MiSeqSFPQc.csv_MiSeqNONOc.csvTranscripts/uc010rqc.2.csv
359,./MiSeqSFPQc.csv_MiSeqNONOc.csvTranscripts/uc011ecr.2.csv
360,./MiSeqSFPQc.csv_MiSeqNONOc.csvTranscripts/uc009xhq.3.csv
361,./MiSeqSFPQc.csv_MiSeqNONOc.csvTranscripts/uc002nvg.2.csv
362,./MiSeqSFPQc.csv_MiSeqNONOc.csvTranscripts/uc010osu.2.csv
363,./MiSeqSFPQc.csv_MiSeqNONOc.csvTranscripts/uc021qvg.1.csv
364,./MiSeqSFPQc.csv_MiSeqNONOc.csvTranscripts/uc004ces.3.csv
365,./MiSeqSFPQc.csv_MiSeqNONOc.csvTranscripts/uc010shj.2.csv
366,./MiSeqSFPQc.csv_MiSeqNONOc.csvTranscripts/uc031rcv.1.csv
367,./MiSeqSFPQc.csv_MiSeqNONOc.csvTranscripts/uc011lof.1.csv
368,./MiSeqSFPQc.csv_MiSeqNONOc.csvTranscripts/uc031rcn.1.csv
369,./MiSeqSFPQc.csv_MiSeqNONOc.csvTranscripts/uc010ymq.2.csv
370,./MiSeqSFPQc.csv_MiSeqNONOc.csvTranscripts/uc031rcl.1.csv
371,./MiSeqSFPQc.csv_MiSeqNONOc.csvTranscripts/uc003jeu.2.csv
372,./MiSeqSFPQc.csv_MiSeqNONOc.csvTranscripts/uc011lod.1.csv
373,./MiSeqSFPQc.csv_MiSeqNONOc.csvTranscripts/uc003wwt.3.csv
374,./MiSeqSFPQc.csv_MiSeqNONOc.csvTranscripts/uc003guq.4.csv
375,./MiSeqSFPQc.csv_MiSeqNONOc.csvTranscripts/uc003pel.3.csv
376,./MiSeqSFPQc.csv_MiSeqNONOc.csvTranscripts/uc021sht.1.csv
377,./MiSeqSFPQc.csv_MiSeqNONOc.csvTranscripts/uc003gus.4.csv
378,./MiSeqSFPQc.csv_MiSeqNONOc.csvTranscripts/uc010snv.2.csv
379,./MiSeqSFPQc.csv_MiSeqNONOc.csvTranscripts/uc001iij.3.csv
380,./MiSeqSFPQc.csv_MiSeqNONOc.csvTranscripts/uc010wnm.1.csv
381,./MiSeqSFPQc.csv_MiSeqNONOc.csvTranscripts/uc002kkg.1.csv
382,./MiSeqSFPQc.csv_MiSeqNONOc.csvTranscripts/uc031rcr.1.csv
383,./MiSeqSFPQc.csv_MiSeqNONOc.csvTranscripts/uc002nau.4.csv
384,./MiSeqSFPQc.csv_MiSeqNONOc.csvTranscripts/uc002wny.3.csv
385,./MiSeqSFPQc.csv_MiSeqNONOc.csvTranscripts/uc001xls.2.csv
386,./MiSeqSFPQc.csv_MiSeqNONOc.csvTranscripts/uc011dtg.2.csv
387,./MiSeqSFPQc.csv_MiSeqNONOc.csvTranscripts/uc003ezh.3.csv
388,./MiSeqSFPQc.csv_MiSeqNONOc.csvTranscripts/uc031rcp.1.csv
389,./MiSeqSFPQc.csv_MiSeqNONOc.csvTranscripts/uc010cuz.3.csv
390,./MiSeqSFPQc.csv_MiSeqNONOc.csvTranscripts/uc003jkk.4.csv
391,./MiSeqSFPQc.csv_MiSeqNONOc.csvTranscripts/uc002xvt.1.csv
392,./MiSeqSFPQc.csv_MiSeqNONOc.csvTranscripts/uc003olj.3.csv
393,./MiSeqSFPQc.csv_MiSeqNONOc.csvTranscripts/uc003tlx.3.csv
394,./MiSeqSFPQc.csv_MiSeqNONOc.csvTranscripts/uc010ifn.3.csv
395,./MiSeqSFPQc.csv_MiSeqNONOc.csvTranscripts/uc003guu.4.csv
396,./MiSeqSFPQc.csv_MiSeqNONOc.csvTranscripts/uc003olh.3.csv
397,./MiSeqSFPQc.csv_MiSeqNONOc.csvTranscripts/uc001oiz.2.csv
398,./MiSeqSFPQc.csv_MiSeqNONOc.csvTranscripts/uc002jfp.1.csv
399,./MiSeqSFPQc.csv_MiSeqNONOc.csvTranscripts/uc031rcj.1.csv
400,./MiSeqSFPQc.csv_MiSeqNONOc.csvTranscripts/uc003ncz.2.csv
401,./MiSeqSFPQc.csv_MiSeqNONOc.csvTranscripts/uc001oix.2.csv
402,./MiSeqSFPQc.csv_MiSeqNONOc.csvTranscripts/uc002hdy.4.csv
403,./MiSeqSFPQc.csv_MiSeqNONOc.csvTranscripts/uc010fec.2.csv
404,./MiSeqSFPQc.csv_MiSeqNONOc.csvTranscripts/uc001bgs.4.csv
405,./MiSeqSFPQc.csv_MiSeqNONOc.csvTranscripts/uc001doc.1.csv
406,./MiSeqSFPQc.csv_MiSeqNONOc.csvTranscripts/uc003qed.4.csv
407,./MiSeqSFPQc.csv_MiSeqNONOc.csvTranscripts/uc011laf.2.csv
408,./MiSeqSFPQc.csv_MiSeqNONOc.csvTranscripts/uc003dhy.3.csv
409,./MiSeqSFPQc.csv_MiSeqNONOc.csvTranscripts/uc002xul.4.csv
410,./MiSeqSFPQc.csv_MiSeqNONOc.csvTranscripts/uc001ony.4.csv
411,./MiSeqSFPQc.csv_MiSeqNONOc.csvTranscripts/uc002hnn.3.csv
412,./MiSeqSFPQc.csv_MiSeqNONOc.csvTranscripts/uc010swq.3.csv
413,./MiSeqSFPQc.csv_MiSeqNONOc.csvTranscripts/uc021zgs.1.csv
414,./MiSeqSFPQc.csv_MiSeqNONOc.csvTranscripts/uc010gno.1.csv
415,./MiSeqSFPQc.csv_MiSeqNONOc.csvTranscripts/uc031rug.1.csv
416,./MiSeqSFPQc.csv_MiSeqNONOc.csvTranscripts/uc002apj.3.csv
417,./MiSeqSFPQc.csv_MiSeqNONOc.csvTranscripts/uc031rty.1.csv
418,./MiSeqSFPQc.csv_MiSeqNONOc.csvTranscripts/uc003udk.4.csv
419,./MiSeqSFPQc.csv_MiSeqNONOc.csvTranscripts/uc021ult.1.csv
420,./MiSeqSFPQc.csv_MiSeqNONOc.csvTranscripts/uc002tng.1.csv
421,./MiSeqSFPQc.csv_MiSeqNONOc.csvTranscripts/uc002xvd.4.csv
422,./MiSeqSFPQc.csv_MiSeqNONOc.csvTranscripts/uc001tku.4.csv
423,./MiSeqSFPQc.csv_MiSeqNONOc.csvTranscripts/uc021rmu.1.csv
424,./MiSeqSFPQc.csv_MiSeqNONOc.csvTranscripts/uc022buv.1.csv
425,./MiSeqSFPQc.csv_MiSeqNONOc.csvTranscripts/uc001hpw.3.csv
426,./MiSeqSFPQc.csv_MiSeqNONOc.csvTranscripts/uc003hiy.3.csv
427,./MiSeqSFPQc.csv_MiSeqNONOc.csvTranscripts/uc010qxm.2.csv
428,./MiSeqSFPQc.csv_MiSeqNONOc.csvTranscripts/uc002api.3.csv
429,./MiSeqSFPQc.csv_MiSeqNONOc.csvTranscripts/uc010tiu.2.csv
430,./MiSeqSFPQc.csv_MiSeqNONOc.csvTranscripts/uc003qoc.3.csv
431,./MiSeqSFPQc.csv_MiSeqNONOc.csvTranscripts/uc003upt.3.csv
432,./MiSeqSFPQc.csv_MiSeqNONOc.csvTranscripts/uc001gdp.3.csv
433,./MiSeqSFPQc.csv_MiSeqNONOc.csvTranscripts/uc003jfx.4.csv
434,./MiSeqSFPQc.csv_MiSeqNONOc.csvTranscripts/uc002lni.2.csv
435,./MiSeqSFPQc.csv_MiSeqNONOc.csvTranscripts/uc001voa.4.csv
436,./MiSeqSFPQc.csv_MiSeqNONOc.csvTranscripts/uc001ygc.3.csv
437,./MiSeqSFPQc.csv_MiSeqNONOc.csvTranscripts/uc001aoh.3.csv
438,./MiSeqSFPQc.csv_MiSeqNONOc.csvTranscripts/uc003xuo.2.csv
439,./MiSeqSFPQc.csv_MiSeqNONOc.csvTranscripts/uc001voc.3.csv
440,./MiSeqSFPQc.csv_MiSeqNONOc.csvTranscripts/uc011een.2.csv
441,./MiSeqSFPQc.csv_MiSeqNONOc.csvTranscripts/uc011lek.2.csv
442,./MiSeqSFPQc.csv_MiSeqNONOc.csvTranscripts/uc002xve.4.csv
443,./MiSeqSFPQc.csv_MiSeqNONOc.csvTranscripts/uc031siz.1.csv
444,./MiSeqSFPQc.csv_MiSeqNONOc.csvTranscripts/uc011dju.2.csv
445,./MiSeqSFPQc.csv_MiSeqNONOc.csvTranscripts/uc001czv.3.csv
446,./MiSeqSFPQc.csv_MiSeqNONOc.csvTranscripts/uc003kfi.1.csv
447,./MiSeqSFPQc.csv_MiSeqNONOc.csvTranscripts/uc001agd.3.csv
448,./MiSeqSFPQc.csv_MiSeqNONOc.csvTranscripts/uc003vre.3.csv
449,./MiSeqSFPQc.csv_MiSeqNONOc.csvTranscripts/uc003kfh.1.csv
450,./MiSeqSFPQc.csv_MiSeqNONOc.csvTranscripts/uc031tgb.1.csv
451,./MiSeqSFPQc.csv_MiSeqNONOc.csvTranscripts/uc003xur.3.csv
452,./MiSeqSFPQc.csv_MiSeqNONOc.csvTranscripts/uc010swp.3.csv
453,./MiSeqSFPQc.csv_MiSeqNONOc.csvTranscripts/uc001oiv.3.csv
454,./MiSeqSFPQc.csv_MiSeqNONOc.csvTranscripts/uc010oqm.3.csv
455,./MiSeqSFPQc.csv_MiSeqNONOc.csvTranscripts/uc021umk.1.csv
456,./MiSeqSFPQc.csv_MiSeqNONOc.csvTranscripts/uc003jsr.3.csv
457,./MiSeqSFPQc.csv_MiSeqNONOc.csvTranscripts/uc009vkg.1.csv
458,./MiSeqSFPQc.csv_MiSeqNONOc.csvTranscripts/uc001byq.3.csv
459,./MiSeqSFPQc.csv_MiSeqNONOc.csvTranscripts/uc001dny.2.csv
460,./MiSeqSFPQc.csv_MiSeqNONOc.csvTranscripts/uc011bpk.1.csv
461,./MiSeqSFPQc.csv_MiSeqNONOc.csvTranscripts/uc010oqj.2.csv
462,./MiSeqSFPQc.csv_MiSeqNONOc.csvTranscripts/uc001cow.3.csv
463,./MiSeqSFPQc.csv_MiSeqNONOc.csvTranscripts/uc021pjv.1.csv
464,./MiSeqSFPQc.csv_MiSeqNONOc.csvTranscripts/uc010lmi.3.csv
465,./MiSeqSFPQc.csv_MiSeqNONOc.csvTranscripts/uc031rue.1.csv
466,./MiSeqSFPQc.csv_MiSeqNONOc.csvTranscripts/uc001byp.3.csv
467,./MiSeqSFPQc.csv_MiSeqNONOc.csvTranscripts/uc010tiw.2.csv
468,./MiSeqSFPQc.csv_MiSeqNONOc.csvTranscripts/uc010oqi.2.csv
469,./MiSeqSFPQc.csv_MiSeqNONOc.csvTranscripts/uc010oqk.3.csv
470,./MiSeqSFPQc.csv_MiSeqNONOc.csvTranscripts/uc031qqj.1.csv
471,./MiSeqSFPQc.csv_MiSeqNONOc.csvTranscripts/uc010tiv.2.csv
472,./MiSeqSFPQc.csv_MiSeqNONOc.csvTranscripts/uc002aph.3.csv
473,./MiSeqSFPQc.csv_MiSeqNONOc.csvTranscripts/uc003xum.3.csv
474,./MiSeqSFPQc.csv_MiSeqNONOc.csvTranscripts/uc004ebq.1.csv
475,./MiSeqSFPQc.csv_MiSeqNONOc.csvTranscripts/uc001tsj.3.csv
476,./MiSeqSFPQc.csv_MiSeqNONOc.csvTranscripts/uc021ofq.1.csv
477,./MiSeqSFPQc.csv_MiSeqNONOc.csvTranscripts/uc021rlx.1.csv
478,./MiSeqSFPQc.csv_MiSeqNONOc.csvTranscripts/uc002xvc.4.csv
479,./MiSeqSFPQc.csv_MiSeqNONOc.csvTranscripts/uc003upu.2.csv
480,./MiSeqSFPQc.csv_MiSeqNONOc.csvTranscripts/uc021rcx.2.csv
481,./MiSeqSFPQc.csv_MiSeqNONOc.csvTranscripts/uc002lsm.3.csv
482,./MiSeqSFPQc.csv_MiSeqNONOc.csvTranscripts/uc001czw.3.csv
483,./MiSeqSFPQc.csv_MiSeqNONOc.csvTranscripts/uc001lxc.3.csv
484,./MiSeqSFPQc.csv_MiSeqNONOc.csvTranscripts/uc011bpl.1.csv
485,./MiSeqSFPQc.csv_MiSeqNONOc.csvTranscripts/uc022but.1.csv
486,./MiSeqSFPQc.csv_MiSeqNONOc.csvTranscripts/uc022buu.1.csv
487,./MiSeqSFPQc.csv_MiSeqNONOc.csvTranscripts/uc003qob.3.csv
488,./MiSeqSFPQc.csv_MiSeqNONOc.csvTranscripts/uc001dnw.3.csv
489,./MiSeqSFPQc.csv_MiSeqNONOc.csvTranscripts/uc022amh.1.csv
490,./MiSeqSFPQc.csv_MiSeqNONOc.csvTranscripts/uc011mfi.2.csv
491,./MiSeqSFPQc.csv_MiSeqNONOc.csvTranscripts/uc001tsh.3.csv
492,./MiSeqSFPQc.csv_MiSeqNONOc.csvTranscripts/uc021rdb.2.csv
493,./MiSeqSFPQc.csv_MiSeqNONOc.csvTranscripts/uc002ywg.1.csv
494,./MiSeqSFPQc.csv_MiSeqNONOc.csvTranscripts/uc031rtz.1.csv
495,./MiSeqSFPQc.csv_MiSeqNONOc.csvTranscripts/uc001czy.3.csv
496,./MiSeqSFPQc.csv_MiSeqNONOc.csvTranscripts/uc002vee.4.csv
497,./MiSeqSFPQc.csv_MiSeqNONOc.csvTranscripts/uc010oql.3.csv
498,./MiSeqSFPQc.csv_MiSeqNONOc.csvTranscripts/uc010fus.3.csv
499,./MiSeqSFPQc.csv_MiSeqNONOc.csvTranscripts/uc001cov.3.csv
500,./MiSeqSFPQc.csv_MiSeqNONOc.csvTranscripts/uc001ddu.3.csv
501,./MiSeqSFPQc.csv_MiSeqNONOc.csvTranscripts/uc010oqn.3.csv
502,./MiSeqSFPQc.csv_MiSeqNONOc.csvTranscripts/uc031rua.1.csv
503,./MiSeqSFPQc.csv_MiSeqNONOc.csvTranscripts/uc031tas.1.csv
504,./MiSeqSFPQc.csv_MiSeqNONOc.csvTranscripts/uc003xun.3.csv
505,./MiSeqSFPQc.csv_MiSeqNONOc.csvTranscripts/uc001ygd.3.csv
506,./MiSeqSFPQc.csv_MiSeqNONOc.csvTranscripts/uc021rda.2.csv
507,./MiSeqSFPQc.csv_MiSeqNONOc.csvTranscripts/uc010ngx.2.csv
508,./MiSeqSFPQc.csv_MiSeqNONOc.csvTranscripts/uc003jfh.1.csv
509,./MiSeqSFPQc.csv_MiSeqNONOc.csvTranscripts/uc001vod.3.csv
510,./MiSeqSFPQc.csv_MiSeqNONOc.csvTranscripts/uc004ddn.3.csv
511,./MiSeqSFPQc.csv_MiSeqNONOc.csvTranscripts/uc001tsk.3.csv
512,./MiSeqSFPQc.csv_MiSeqNONOc.csvTranscripts/uc002xvf.3.csv
513,./MiSeqSFPQc.csv_MiSeqNONOc.csvTranscripts/uc003upv.2.csv
514,./MiSeqSFPQc.csv_MiSeqNONOc.csvTranscripts/uc011kgj.1.csv
515,./MiSeqSFPQc.csv_MiSeqNONOc.csvTranscripts/uc031ruc.1.csv
516,./MiSeqSFPQc.csv_MiSeqNONOc.csvTranscripts/uc001tsi.3.csv
517,./MiSeqSFPQc.csv_MiSeqNONOc.csvTranscripts/uc010yyz.2.csv
518,./MiSeqSFPQc.csv_MiSeqNONOc.csvTranscripts/uc021rcz.2.csv
519,./MiSeqSFPQc.csv_MiSeqNONOc.csvTranscripts/uc001ibl.3.csv
520,./MiSeqSFPQc.csv_MiSeqNONOc.csvTranscripts/uc021rcy.2.csv
521,./MiSeqSFPQc.csv_MiSeqNONOc.csvTranscripts/uc001ymi.1.csv
522,./MiSeqSFPQc.csv_MiSeqNONOc.csvTranscripts/uc004ddo.3.csv
523,./MiSeqSFPQc.csv_MiSeqNONOc.csvTranscripts/uc001tkv.2.csv
524,./MiSeqSFPQc.csv_MiSeqNONOc.csvTranscripts/uc003vtx.2.csv
525,./MiSeqSFPQc.csv_MiSeqNONOc.csvTranscripts/uc003vty.4.csv
526,./MiSeqSFPQc.csv_MiSeqNONOc.csvTranscripts/uc001lxb.3.csv
527,./MiSeqSFPQc.csv_MiSeqNONOc.csvTranscripts/uc003xuj.3.csv
528,./MiSeqSFPQc.csv_MiSeqNONOc.csvTranscripts/uc021zgt.1.csv
529,./MiSeqSFPQc.csv_MiSeqNONOc.csvTranscripts/uc002lsn.3.csv
530,./MiSeqSFPQc.csv_MiSeqNONOc.csvTranscripts/uc002xvb.4.csv
531,./MiSeqSFPQc.csv_MiSeqNONOc.csvTranscripts/uc031ruf.1.csv
532,./MiSeqSFPQc.csv_MiSeqNONOc.csvTranscripts/uc002ywh.1.csv
533,./MiSeqSFPQc.csv_MiSeqNONOc.csvTranscripts/uc010oos.2.csv
534,./MiSeqSFPQc.csv_MiSeqNONOc.csvTranscripts/uc002lnh.2.csv
535,./MiSeqSFPQc.csv_MiSeqNONOc.csvTranscripts/uc010ujj.1.csv
536,./MiSeqSFPQc.csv_MiSeqNONOc.csvTranscripts/uc003hiz.1.csv
537,./MiSeqSFPQc.csv_MiSeqNONOc.csvTranscripts/uc003vtw.3.csv
538,./MiSeqSFPQc.csv_MiSeqNONOc.csvTranscripts/uc010hwn.2.csv
539,./MiSeqSFPQc.csv_MiSeqNONOc.csvTranscripts/uc011bpj.1.csv
540,./MiSeqSFPQc.csv_MiSeqNONOc.csvTranscripts/uc010yzc.2.csv
541,./MiSeqSFPQc.csv_MiSeqNONOc.csvTranscripts/uc002tnc.3.csv
542,./MiSeqSFPQc.csv_MiSeqNONOc.csvTranscripts/uc003hix.3.csv
543,./MiSeqSFPQc.csv_MiSeqNONOc.csvTranscripts/uc001dnv.3.csv
544,./MiSeqSFPQc.csv_MiSeqNONOc.csvTranscripts/uc010fur.3.csv
545,./MiSeqSFPQc.csv_MiSeqNONOc.csvTranscripts/uc021rmv.1.csv
546,./MiSeqSFPQc.csv_MiSeqNONOc.csvTranscripts/uc010qxn.2.csv
547,./MiSeqSFPQc.csv_MiSeqNONOc.csvTranscripts/uc021sbn.1.csv
548,./MiSeqSFPQc.csv_MiSeqNONOc.csvTranscripts/uc002izo.3.csv
549,./MiSeqSFPQc.csv_MiSeqNONOc.csvTranscripts/uc001tsm.1.csv
550,./MiSeqSFPQc.csv_MiSeqNONOc.csvTranscripts/uc010drd.2.csv
551,./MiSeqSFPQc.csv_MiSeqNONOc.csvTranscripts/uc003vmi.3.csv
552,./MiSeqSFPQc.csv_MiSeqNONOc.csvTranscripts/uc001hnu.2.csv
553,./MiSeqSFPQc.csv_MiSeqNONOc.csvTranscripts/uc021ofr.1.csv
554,./MiSeqSFPQc.csv_MiSeqNONOc.csvTranscripts/uc021vnl.1.csv
555,./MiSeqSFPQc.csv_MiSeqNONOc.csvTranscripts/uc001ibk.3.csv
556,./MiSeqSFPQc.csv_MiSeqNONOc.csvTranscripts/uc010yza.2.csv
557,./MiSeqSFPQc.csv_MiSeqNONOc.csvTranscripts/uc001ygf.3.csv
558,./MiSeqSFPQc.csv_MiSeqNONOc.csvTranscripts/uc031rub.1.csv
559,./MiSeqSFPQc.csv_MiSeqNONOc.csvTranscripts/uc001aoi.3.csv
560,./MiSeqSFPQc.csv_MiSeqNONOc.csvTranscripts/uc003udl.1.csv
561,./MiSeqSFPQc.csv_MiSeqNONOc.csvTranscripts/uc001vob.4.csv
562,./MiSeqSFPQc.csv_MiSeqNONOc.csvTranscripts/uc002ywi.3.csv
563,./MiSeqSFPQc.csv_MiSeqNONOc.csvTranscripts/uc022alw.1.csv
564,./MiSeqSFPQc.csv_MiSeqNONOc.csvTranscripts/uc010lle.3.csv
565,./MiSeqSFPQc.csv_MiSeqNONOc.csvTranscripts/uc001dnx.3.csv
566,./MiSeqSFPQc.csv_MiSeqNONOc.csvTranscripts/uc002xva.4.csv
567,./MiSeqSFPQc.csv_MiSeqNONOc.csvTranscripts/uc010plb.2.csv
568,./MiSeqSFPQc.csv_MiSeqNONOc.csvTranscripts/uc031rud.1.csv
